id_transaksi,tanggal,dealer,nama_part,qty,harga_satuan,total
TRX100541,2026-05-20,Dealer-MDN01,Busi,4.0,36000.0,144000.0
TRX100259,2026-01-16,Dealer-JKT01,Ban Luar,4.0,252500.0,1010000.0
TRX100043,2026-05-15,Dealer-BDG01,Aki,1.0,277600.0,277600.0
TRX101008,2026-04-12,Dealer-MDN01,Oli Mesin,3.0,53900.0,161700.0
TRX100584,2026-03-10,Dealer-BDG01,Aki,1.0,290300.0,290300.0
TRX100310,2026-04-21,Dealer-MDN01,Filter Udara,6.0,60400.0,362400.0
TRX100657,2026-03-27,Dealer-JKT02,Filter Udara,5.0,62700.0,313500.0
TRX100044,2026-01-18,Dealer-JKT02,Busi,2.0,34400.0,68800.0
TRX100210,2026-03-31,Dealer-JKT02,Ban Luar,2.0,251400.0,502800.0
TRX100155,2026-04-28,Dealer-JKT02,Aki,4.0,277100.0,1108400.0
TRX100558,2026-03-24,Dealer-BDG01,Kampas Rem,7.0,76300.0,534100.0
TRX100411,2026-03-04,Dealer-MDN01,Filter Udara,4.0,56000.0,224000.0
TRX101007,2026-01-13,Dealer-JKT01,Aki,4.0,269300.0,1077200.0
TRX100493,2026-02-12,Dealer-SBY01,Aki,7.0,260100.0,1820700.0
TRX101067,2026-02-18,Dealer-SMG01,Kampas Rem,1.0,74600.0,74600.0
TRX100522,2026-05-17,Dealer-JKT01,BAN_LUAR,7.0,252100.0,1764700.0
TRX100543,2026-04-26,Dealer-BDG01,Ban Luar,7.0,236200.0,1653400.0
TRX100551,2026-01-31,Dealer-MDN01,Busi,3.0,34500.0,103500.0
TRX100428,2026-02-16,Dealer-BDG01,Oli Mesin,7.0,54700.0,382900.0
TRX100422,2026-04-06,Dealer-SMG01,Aki,4.0,287000.0,1148000.0
TRX100739,2026-02-16,Dealer-SBY01,Aki,3.0,279800.0,839400.0
TRX100458,2026-02-10,Dealer-MDN01,Oli Mesin,2.0,57600.0,115200.0
TRX101148,2026-04-27,Dealer-JKT02,Oli Mesin,2.0,55300.0,110600.0
TRX100423,2026-02-10,Dealer-JKT01,Oli Mesin,4.0,56700.0,226800.0
TRX100298,2026-01-10,Dealer-MDN01,Oli Mesin,5.0,57900.0,289500.0
TRX101029,2026-03-31,Dealer-MDN01,Oli Mesin,7.0,54800.0,383600.0
TRX100350,2026-05-23,Dealer-JKT01,Oli Mesin,3.0,56300.0,168900.0
TRX100652,2026-03-13,Dealer-SMG01,Aki,3.0,283700.0,851100.0
TRX100820,2026-05-13,Dealer-JKT02,Filter Udara,6.0,59300.0,355800.0
TRX100855,2026-02-20,Dealer-BDG01,Aki,5.0,288100.0,1440500.0
TRX100533,2026-02-05,Dealer-MDN01,Aki,3.0,286500.0,859500.0
TRX100107,2026-05-01,Dealer-SMG01,Busi,7.0,35100.0,245700.0
TRX100439,2026-04-20,Dealer-SBY01,Kampas Rem,7.0,72300.0,506100.0
TRX100884,2026-04-08,Dealer-MDN01,Filter Udara,7.0,58800.0,411600.0
TRX100900,2026-04-08,Dealer-SBY01,Kampas Rem,7.0,73800.0,516600.0
TRX100078,2026-02-12,Dealer-JKT02,Aki,5.0,288100.0,1440500.0
TRX101090,2026-01-10,Dealer-SMG01,Aki,2.0,276100.0,552200.0
TRX100715,2026-04-22,Dealer-BDG01,Ban Luar,5.0,250700.0,1253500.0
TRX100076,2026-01-07,Dealer-BDG01,Busi,7.0,35600.0,249200.0
TRX100770,2026-03-17,Dealer-JKT02,FILTER_UDARA,1.0,60300.0,60300.0
TRX100044,2026-01-18,Dealer-JKT02,Busi,2.0,34400.0,68800.0
TRX101108,2026-02-10,Dealer-MDN01,Busi,5.0,34200.0,171000.0
TRX100864,2026-03-05,Dealer-JKT02,Kampas Rem,6.0,72700.0,436200.0
TRX100113,2026-01-20,Dealer-SBY01,Aki,4.0,281700.0,1126800.0
TRX100849,2026-05-18,Dealer-SMG01,Kampas Rem,2.0,73800.0,147600.0
TRX100265,2026-05-19,Dealer-BDG01,Kampas Rem,5.0,79800.0,399000.0
TRX100415,2026-04-11,Dealer-JKT01,Oli Mesin,1.0,53500.0,53500.0
TRX100494,2026-04-27,Dealer-SMG01,Busi,4.0,34400.0,137600.0
TRX100644,2026-05-23,Dealer-SBY01,Aki,2.0,292500.0,585000.0
TRX100371,2026-04-30,Dealer-SBY01,Kampas Rem,3.0,76600.0,229800.0
TRX100745,2026-02-28,Dealer-SBY01,Oli Mesin,6.0,53300.0,319800.0
TRX100240,2026-03-22,Dealer-JKT02,Filter Udara,7.0,61100.0,427700.0
TRX100192,2026-05-07,Dealer-SMG01,Aki,4.0,271200.0,1084800.0
TRX100707,2026-02-12,Dealer-SMG01,Aki,7.0,292900.0,2050300.0
TRX100594,2026-03-30,Dealer-JKT02,Ban Luar,3.0,247700.0,743100.0
TRX100585,2026-04-17,Dealer-MDN01,Kampas Rem,2.0,76200.0,152400.0
TRX100297,2026-02-09,Dealer-SMG01,Kampas Rem,2.0,77900.0,155800.0
TRX100319,2026-05-23,Dealer-MDN01,Busi,2.0,34000.0,68000.0
TRX100590,2026-04-26,Dealer-SBY01,Kampas Rem,4.0,77100.0,308400.0
TRX100081,2026-04-27,Dealer-BDG01,Ban Luar,4.0,252300.0,1009200.0
TRX100527,2026-01-08,Dealer-JKT01,Busi,1.0,34000.0,34000.0
TRX100768,2026-04-08,Dealer-SMG01,Aki,4.0,274200.0,1096800.0
TRX100049,2026-04-26,Dealer-SBY01,Aki,7.0,273800.0,1916600.0
TRX100497,2026-01-16,Dealer-JKT02,Ban Luar,4.0,237200.0,948800.0
TRX100677,2026-02-24,Dealer-JKT01,Aki,7.0,283900.0,1987300.0
TRX100409,2026-04-09,Dealer-JKT01,Aki,6.0,260000.0,1560000.0
TRX100901,2026-03-24,Dealer-SBY01,Ban Luar,2.0,239000.0,478000.0
TRX100342,2026-01-06,Dealer-SMG01,Aki,3.0,282100.0,846300.0
TRX101119,2026-05-24,Dealer-JKT02,Aki,7.0,289200.0,2024400.0
TRX100911,2026-04-21,Dealer-JKT01,Busi,4.0,36900.0,147600.0
TRX100361,2026-01-21,Dealer-BDG01,Kampas Rem,6.0,72100.0,432600.0
TRX100058,2026-02-26,Dealer-MDN01,Oli Mesin,3.0,57800.0,173400.0
TRX100070,2026-04-23,Dealer-JKT02,Ban Luar,7.0,247800.0,1734600.0
TRX100907,2026-05-28,Dealer-MDN01,Filter Udara,2.0,61200.0,122400.0
TRX100023,2026-03-19,Dealer-MDN01,Busi,,34300.0,240100.0
TRX100101,2026-04-15,Dealer-JKT02,Oli Mesin,6.0,55000.0,330000.0
TRX100962,2026-03-01,Dealer-SMG01,Kampas Rem,2.0,73800.0,147600.0
TRX100058,2026-02-26,Dealer-MDN01,Oli Mesin,3.0,57800.0,173400.0
TRX100829,2026-05-08,Dealer-JKT02,Busi,5.0,36100.0,180500.0
TRX100927,2026-03-11,Dealer-JKT02,Busi,5.0,35600.0,178000.0
TRX100328,2026-05-25,Dealer-JKT01,Busi,2.0,36000.0,72000.0
TRX101111,2026-01-28,Dealer-JKT01,Ban Luar,2.0,255500.0,511000.0
TRX101023,2026-03-28,Dealer-SMG01,Filter Udara,4.0,59300.0,237200.0
TRX100218,2026-03-23,Dealer-SMG01,Oli Mesin,7.0,55500.0,388500.0
TRX100296,2026-02-07,Dealer-SBY01,Kampas Rem,4.0,77200.0,308800.0
TRX100989,2026-05-08,Dealer-BDG01,Oli Mesin,6.0,651600.0,3909600.0
TRX100937,2026-03-25,Dealer-BDG01,Aki,7.0,291500.0,2040500.0
TRX100231,2026-03-01,Dealer-MDN01,Aki,4.0,272100.0,1088400.0
TRX100762,2026-05-24,Dealer-JKT02,Kampas Rem,6.0,76100.0,456600.0
TRX100945,2026-01-06,Dealer-SMG01,Kampas Rem,4.0,71700.0,286800.0
TRX101114,2026-02-17,,Oli Mesin,1.0,55500.0,55500.0
TRX100051,2026-04-10,Dealer-JKT01,Filter Udara,1.0,60400.0,60400.0
TRX100785,2026-01-28,Dealer-MDN01,Oli Mesin,7.0,56400.0,394800.0
TRX100938,2026-03-23,Dealer-MDN01,Filter Udara,3.0,60400.0,181200.0
TRX100914,2026-04-06,Dealer-JKT02,Filter Udara,7.0,64500.0,451500.0
TRX100893,2026-05-11,Dealer-JKT01,Busi,1.0,35300.0,35300.0
TRX101164,2026-03-04,Dealer-BDG01,Busi,2.0,36100.0,72200.0
TRX100109,2026-04-18,Dealer-JKT02,Oli Mesin,1.0,52800.0,52800.0
TRX100617,2026-01-23,Dealer-MDN01,OLI_MESIN,1.0,55400.0,55400.0
TRX100123,2026-03-15,Dealer-SMG01,Busi,4.0,34000.0,136000.0
TRX100054,2026-05-13,Dealer-JKT02,Oli Mesin,4.0,56300.0,225200.0
TRX100969,2026-04-04,Dealer-BDG01,Filter Udara,2.0,60000.0,120000.0
TRX101168,2026-01-17,Dealer-SBY01,Busi,1.0,34500.0,34500.0
TRX100128,2026-03-20,Dealer-SMG01,Aki,2.0,273600.0,547200.0
TRX100056,2026-04-21,Dealer-SBY01,Busi,4.0,34700.0,138800.0
TRX100086,2026-03-07,Dealer-JKT01,Oli Mesin,3.0,53900.0,161700.0
TRX100628,2026-05-23,Dealer-SBY01,Aki,1.0,286600.0,286600.0
TRX100924,2026-05-12,Dealer-SMG01,Busi,7.0,35100.0,245700.0
TRX100275,2026-05-01,Dealer-BDG01,Kampas Rem,5.0,76600.0,383000.0
TRX101180,2026-03-21,Dealer-JKT01,Aki,4.0,270500.0,1082000.0
TRX100467,2026-04-13,Dealer-SBY01,Kampas Rem,3.0,71600.0,214800.0
TRX100170,2026-05-20,Dealer-SBY01,Ban Luar,2.0,255800.0,511600.0
TRX100879,2026-04-04,Dealer-SBY01,Ban Luar,5.0,258300.0,1291500.0
TRX100778,2026-01-07,Dealer-MDN01,Kampas Rem,1.0,74200.0,74200.0
TRX100591,2026-01-28,Dealer-MDN01,Ban Luar,3.0,261400.0,784200.0
TRX100862,2026-04-14,Dealer-SBY01,Aki,,276100.0,552200.0
TRX100793,2026-02-13,Dealer-MDN01,Oli Mesin,1.0,55500.0,55500.0
TRX100398,2026-02-05,Dealer-SBY01,Filter Udara,1.0,60100.0,60100.0
TRX100978,2026-03-21,Dealer-JKT02,Oli Mesin,3.0,53900.0,161700.0
TRX100894,2026-01-12,Dealer-SBY01,Filter Udara,6.0,57500.0,345000.0
TRX100732,2026-03-17,Dealer-JKT01,KAMPAS_REM,4.0,73800.0,295200.0
TRX100890,2026-04-04,Dealer-BDG01,Busi,4.0,35100.0,140400.0
TRX101074,2026-02-02,Dealer-SMG01,Kampas Rem,7.0,78100.0,546700.0
TRX100717,2026-01-03,Dealer-SMG01,Kampas Rem,5.0,74900.0,374500.0
TRX101161,2026-01-01,Dealer-SBY01,Oli Mesin,2.0,55000.0,110000.0
TRX101075,2026-03-30,Dealer-SMG01,Oli Mesin,2.0,56100.0,112200.0
TRX100425,2026-02-24,Dealer-SMG01,Oli Mesin,4.0,57400.0,229600.0
TRX100535,2026-05-08,Dealer-SMG01,Filter Udara,,59000.0,118000.0
TRX100567,2026-01-29,Dealer-SBY01,Busi,2.0,35200.0,70400.0
TRX100536,2026-02-06,Dealer-JKT02,Ban Luar,2.0,247000.0,494000.0
TRX100694,2026-03-19,Dealer-SBY01,Oli Mesin,5.0,52800.0,264000.0
TRX100376,2026-04-19,Dealer-SBY01,Busi,2.0,36200.0,72400.0
TRX100286,2026-02-18,Dealer-MDN01,Oli Mesin,5.0,54700.0,273500.0
TRX100789,2026-01-07,Dealer-MDN01,Busi,3.0,35200.0,105600.0
TRX100756,2026-04-17,Dealer-JKT01,Kampas Rem,4.0,78200.0,312800.0
TRX100233,2026-02-17,Dealer-JKT01,Filter Udara,4.0,59300.0,237200.0
TRX100355,2026-04-19,Dealer-MDN01,Oli Mesin,6.0,55700.0,334200.0
TRX100602,2026-03-08,Dealer-JKT02,Busi,6.0,36500.0,219000.0
TRX101039,2026-02-24,Dealer-BDG01,Busi,4.0,32800.0,131200.0
TRX100427,2026-02-17,Dealer-SBY01,AKI,6.0,262700.0,1576200.0
TRX100583,2026-05-13,Dealer-BDG01,Oli Mesin,2.0,54100.0,108200.0
TRX100843,2026-03-21,Dealer-SBY01,Oli Mesin,6.0,56200.0,337200.0
TRX101167,2026-01-01,Dealer-MDN01,Busi,2.0,35200.0,70400.0
TRX101009,2026-02-21,Dealer-SBY01,Busi,5.0,34300.0,171500.0
TRX100714,2026-01-10,Dealer-BDG01,Busi,2.0,35000.0,70000.0
TRX100266,2026-04-14,Dealer-MDN01,Kampas Rem,6.0,75500.0,453000.0
TRX100199,2026-03-31,Dealer-JKT01,Busi,3.0,35500.0,106500.0
TRX100174,2026-02-13,Dealer-JKT02,Oli Mesin,2.0,55800.0,111600.0
TRX100842,2026-05-08,Dealer-BDG01,Aki,3.0,282800.0,848400.0
TRX100147,2026-03-31,Dealer-JKT01,Ban Luar,2.0,252000.0,504000.0
TRX100746,2026-05-19,,BAN_LUAR,4.0,244700.0,978800.0
TRX100944,2026-02-05,Dealer-SMG01,Filter Udara,4.0,58400.0,233600.0
TRX100752,2026-04-24,Dealer-JKT02,Kampas Rem,6.0,74400.0,446400.0
TRX100948,2026-05-23,Dealer-JKT02,OLI_MESIN,3.0,60000.0,180000.0
TRX101092,2026-02-07,Dealer-MDN01,Kampas Rem,5.0,77400.0,387000.0
TRX100716,2026-05-16,Dealer-SMG01,Kampas Rem,3.0,72800.0,218400.0
TRX100977,2026-04-12,Dealer-SBY01,Aki,3.0,279200.0,837600.0
TRX100618,2026-03-11,Dealer-BDG01,Busi,7.0,35200.0,246400.0
TRX100626,2026-05-27,Dealer-BDG01,Kampas Rem,5.0,75900.0,379500.0
TRX100394,2026-05-19,Dealer-SMG01,Kampas Rem,3.0,75600.0,226800.0
TRX101049,2026-04-06,Dealer-MDN01,Aki,,280200.0,840600.0
TRX100168,2026-04-25,Dealer-MDN01,Aki,2.0,281300.0,562600.0
TRX100209,2026-05-19,,Oli Mesin,5.0,55000.0,275000.0
TRX100560,2026-01-13,Dealer-MDN01,BAN_LUAR,1.0,250300.0,250300.0
TRX100135,2026-03-25,Dealer-JKT01,Kampas Rem,1.0,76700.0,76700.0
TRX100184,2026-02-11,Dealer-BDG01,Aki,5.0,293000.0,1465000.0
TRX100899,2026-03-08,Dealer-MDN01,Filter Udara,1.0,60000.0,60000.0
TRX100333,2026-05-01,Dealer-BDG01,Oli Mesin,3.0,54900.0,164700.0
TRX100839,2026-02-21,Dealer-JKT02,Kampas Rem,4.0,77400.0,309600.0
TRX100158,2026-04-10,Dealer-BDG01,Aki,7.0,277800.0,1944600.0
TRX100140,2026-04-19,Dealer-JKT02,Busi,2.0,35600.0,71200.0
TRX100736,2026-03-09,Dealer-SBY01,Ban Luar,6.0,235800.0,1414800.0
TRX100471,2026-03-10,Dealer-JKT01,Filter Udara,5.0,57100.0,285500.0
TRX100435,2026-03-07,Dealer-SBY01,Filter Udara,6.0,61200.0,367200.0
TRX101133,2026-02-06,Dealer-BDG01,Filter Udara,3.0,61600.0,184800.0
TRX100247,2026-02-07,Dealer-SBY01,Filter Udara,2.0,62300.0,124600.0
TRX100380,2026-03-20,Dealer-JKT02,Busi,3.0,36000.0,108000.0
TRX101152,2026-03-09,Dealer-BDG01,Aki,7.0,283700.0,1985900.0
TRX100665,2026-04-08,Dealer-SMG01,Kampas Rem,2.0,72800.0,145600.0
TRX100344,2026-03-31,Dealer-JKT02,AKI,5.0,284600.0,1423000.0
TRX101140,2026-04-29,Dealer-JKT02,Filter Udara,4.0,58000.0,232000.0
TRX100362,2026-05-24,Dealer-JKT01,Kampas Rem,2.0,79200.0,158400.0
TRX100208,2026-05-18,Dealer-SBY01,Filter Udara,2.0,60100.0,120200.0
TRX100980,2026-04-24,Dealer-SMG01,Ban Luar,2.0,240900.0,481800.0
TRX100788,2026-05-22,Dealer-SBY01,Kampas Rem,1.0,77700.0,77700.0
TRX100163,2026-04-30,Dealer-SMG01,Ban Luar,1.0,233800.0,233800.0
TRX100479,2026-03-08,Dealer-SMG01,Kampas Rem,2.0,73000.0,146000.0
TRX100961,2026-04-21,Dealer-SBY01,Aki,1.0,268900.0,268900.0
TRX100156,2026-05-08,Dealer-SMG01,Oli Mesin,5.0,52700.0,263500.0
TRX100327,2026-03-22,Dealer-JKT01,Busi,6.0,33500.0,201000.0
TRX100352,2026-04-06,Dealer-MDN01,Busi,2.0,34800.0,69600.0
TRX100220,2026-04-17,Dealer-JKT01,Filter Udara,6.0,59400.0,356400.0
TRX100196,2026-05-13,Dealer-JKT01,Busi,5.0,35500.0,177500.0
TRX100965,2026-01-08,Dealer-SBY01,Filter Udara,2.0,60600.0,121200.0
TRX100666,2026-04-03,Dealer-SMG01,Kampas Rem,6.0,77200.0,463200.0
TRX100294,2026-04-13,Dealer-BDG01,Aki,4.0,276400.0,1105600.0
TRX100198,2026-03-13,Dealer-JKT01,Filter Udara,6.0,60400.0,362400.0
TRX101003,2026-05-13,Dealer-JKT01,Filter Udara,7.0,58200.0,407400.0
TRX100939,2026-05-01,Dealer-SMG01,Oli Mesin,4.0,53600.0,214400.0
TRX101084,2026-01-27,Dealer-JKT02,Ban Luar,1.0,247500.0,247500.0
TRX101019,2026-03-03,Dealer-JKT01,Filter Udara,6.0,58600.0,351600.0
TRX100529,2026-04-01,Dealer-JKT01,Busi,3.0,35900.0,107700.0
TRX100290,2026-05-06,Dealer-BDG01,Kampas Rem,3.0,74300.0,222900.0
TRX100485,2026-04-28,Dealer-SBY01,Oli Mesin,5.0,54300.0,271500.0
TRX100987,2026-02-05,Dealer-BDG01,Busi,6.0,36100.0,216600.0
TRX100578,2026-01-11,Dealer-JKT02,Ban Luar,4.0,244300.0,977200.0
TRX100873,2026-04-16,Dealer-SBY01,Kampas Rem,4.0,73700.0,294800.0
TRX100526,2026-01-24,Dealer-SBY01,Filter Udara,6.0,61000.0,366000.0
TRX100096,2026-05-26,Dealer-JKT02,Ban Luar,5.0,263300.0,1316500.0
TRX100464,2026-03-13,Dealer-BDG01,Busi,5.0,34900.0,174500.0
TRX100845,2026-01-16,Dealer-JKT02,Oli Mesin,2.0,53900.0,107800.0
TRX100178,2026-05-19,Dealer-JKT01,Filter Udara,6.0,61500.0,369000.0
TRX100031,2026-01-07,Dealer-SMG01,Aki,1.0,273700.0,273700.0
TRX100442,2026-05-23,Dealer-MDN01,Oli Mesin,2.0,55500.0,111000.0
TRX101185,2026-02-06,Dealer-SMG01,Kampas Rem,6.0,72700.0,436200.0
TRX100513,2026-01-22,Dealer-BDG01,Ban Luar,1.0,249900.0,249900.0
TRX100760,2026-05-19,Dealer-JKT02,Ban Luar,6.0,252700.0,1516200.0
TRX100244,2026-05-14,Dealer-MDN01,Busi,6.0,34200.0,205200.0
TRX100332,2026-01-31,Dealer-JKT02,Filter Udara,6.0,58700.0,352200.0
TRX100631,2026-02-15,Dealer-MDN01,Kampas Rem,7.0,74300.0,520100.0
TRX100323,2026-03-14,Dealer-JKT01,Aki,4.0,272400.0,1089600.0
TRX100088,2026-05-21,Dealer-BDG01,Kampas Rem,6.0,75600.0,453600.0
TRX101026,2026-05-09,Dealer-BDG01,Ban Luar,4.0,259500.0,1038000.0
TRX100381,2026-04-03,Dealer-SMG01,Busi,1.0,37700.0,37700.0
TRX100365,2026-05-01,Dealer-JKT01,Kampas Rem,3.0,77800.0,233400.0
TRX100490,2026-01-07,Dealer-MDN01,Filter Udara,7.0,57000.0,399000.0
TRX101118,2026-02-17,Dealer-MDN01,Oli Mesin,7.0,55600.0,389200.0
TRX100941,2026-05-19,Dealer-JKT01,KAMPAS_REM,4.0,74900.0,299600.0
TRX100413,2026-04-27,Dealer-SMG01,Aki,1.0,281400.0,281400.0
TRX100634,2026-04-28,Dealer-MDN01,Ban Luar,7.0,253700.0,1775900.0
TRX100589,2026-01-14,Dealer-SBY01,Kampas Rem,7.0,77700.0,543900.0
TRX100743,2026-04-16,Dealer-MDN01,Busi,1.0,34800.0,34800.0
TRX100462,2026-01-19,Dealer-JKT02,Oli Mesin,6.0,53800.0,322800.0
TRX100548,2026-03-08,Dealer-BDG01,Kampas Rem,1.0,72300.0,72300.0
TRX100363,2026-05-24,Dealer-SMG01,Aki,2.0,275400.0,550800.0
TRX100724,2026-04-17,Dealer-SBY01,Ban Luar,7.0,245600.0,1719200.0
TRX100534,2026-02-13,Dealer-JKT02,Ban Luar,2.0,256100.0,512200.0
TRX100010,2026-03-24,Dealer-JKT02,Oli Mesin,7.0,53000.0,371000.0
TRX100986,2026-02-08,Dealer-SMG01,Filter Udara,2.0,57500.0,115000.0
TRX100420,2026-05-03,Dealer-BDG01,Oli Mesin,4.0,55100.0,220400.0
TRX100243,2026-01-28,Dealer-SMG01,Busi,1.0,35700.0,35700.0
TRX100059,2026-02-09,Dealer-JKT02,Busi,,33600.0,33600.0
TRX101073,2026-04-22,Dealer-MDN01,Oli Mesin,5.0,55400.0,277000.0
TRX100063,2026-02-06,Dealer-JKT02,Filter Udara,6.0,62800.0,376800.0
TRX100432,2026-01-13,Dealer-MDN01,Oli Mesin,2.0,53900.0,107800.0
TRX100277,2026-04-27,Dealer-SMG01,Kampas Rem,3.0,72800.0,218400.0
TRX100721,2026-05-09,Dealer-SMG01,BUSI,1.0,34700.0,34700.0
TRX101062,2026-02-22,Dealer-JKT01,Kampas Rem,1.0,74700.0,74700.0
TRX100678,2026-05-25,Dealer-BDG01,Busi,1.0,35700.0,35700.0
TRX100599,2026-04-06,Dealer-JKT02,Ban Luar,1.0,250900.0,250900.0
TRX100306,2026-02-20,Dealer-BDG01,Oli Mesin,1.0,53700.0,53700.0
TRX100289,2026-05-09,Dealer-JKT02,Aki,6.0,289100.0,1734600.0
TRX100812,2026-04-30,Dealer-BDG01,Kampas Rem,1.0,74600.0,74600.0
TRX100596,2026-03-23,Dealer-JKT02,Aki,5.0,294300.0,1471500.0
TRX100367,2026-03-31,Dealer-SMG01,Filter Udara,2.0,62000.0,124000.0
TRX100270,2026-05-01,Dealer-SBY01,Busi,4.0,35000.0,140000.0
TRX100661,2026-04-16,Dealer-MDN01,Kampas Rem,6.0,73200.0,439200.0
TRX100713,2026-02-17,Dealer-BDG01,Oli Mesin,3.0,53700.0,161100.0
TRX100308,2026-03-17,Dealer-JKT02,Busi,2.0,34200.0,68400.0
TRX100292,2026-04-28,Dealer-JKT02,Ban Luar,1.0,253300.0,253300.0
TRX101134,2026-03-27,Dealer-BDG01,Aki,4.0,292000.0,1168000.0
TRX100998,2026-03-09,Dealer-SBY01,Oli Mesin,5.0,51300.0,256500.0
TRX100083,2026-05-26,Dealer-BDG01,Kampas Rem,1.0,73800.0,73800.0
TRX100129,2026-02-12,Dealer-BDG01,Aki,3.0,268400.0,805200.0
TRX101137,2026-03-10,Dealer-JKT02,Kampas Rem,1.0,73000.0,73000.0
TRX100765,2026-05-06,Dealer-JKT01,Ban Luar,1.0,259200.0,259200.0
TRX100926,2026-05-09,Dealer-SMG01,Ban Luar,5.0,258200.0,1291000.0
TRX100676,2026-03-20,Dealer-SMG01,Kampas Rem,,79900.0,319600.0
TRX100260,2026-01-14,Dealer-MDN01,Oli Mesin,6.0,55100.0,330600.0
TRX100549,2026-01-07,Dealer-JKT02,Filter Udara,7.0,58700.0,410900.0
TRX100561,2026-05-08,Dealer-SMG01,Oli Mesin,6.0,51600.0,309600.0
TRX100904,2026-03-04,Dealer-MDN01,Filter Udara,6.0,61500.0,369000.0
TRX100718,2026-03-07,Dealer-JKT01,Filter Udara,7.0,60000.0,420000.0
TRX100138,2026-05-07,Dealer-JKT02,Aki,6.0,304000.0,1824000.0
TRX101068,2026-05-14,Dealer-JKT01,Aki,7.0,282200.0,1975400.0
TRX100141,2026-01-22,Dealer-JKT01,Busi,7.0,34500.0,241500.0
TRX100807,2026-04-06,Dealer-MDN01,Kampas Rem,1.0,71100.0,71100.0
TRX101037,2026-01-21,Dealer-MDN01,Aki,4.0,277500.0,1110000.0
TRX100704,2026-05-04,Dealer-MDN01,Filter Udara,5.0,63000.0,315000.0
TRX100139,2026-01-16,Dealer-SBY01,Kampas Rem,4.0,75800.0,303200.0
TRX100968,2026-01-16,Dealer-JKT01,Busi,7.0,36200.0,253400.0
TRX101099,2026-03-13,Dealer-MDN01,Aki,7.0,288300.0,2018100.0
TRX100224,2026-05-05,Dealer-BDG01,Kampas Rem,6.0,77800.0,466800.0
TRX101078,2026-01-04,Dealer-SBY01,Aki,1.0,300100.0,300100.0
TRX100274,2026-02-18,Dealer-SMG01,Filter Udara,6.0,61000.0,366000.0
TRX100377,2026-03-30,Dealer-SMG01,Aki,3.0,290100.0,870300.0
TRX100405,2026-01-18,Dealer-MDN01,Oli Mesin,7.0,55700.0,389900.0
TRX101131,2026-01-07,Dealer-BDG01,Aki,1.0,284100.0,284100.0
TRX100382,2026-01-26,Dealer-JKT01,Ban Luar,1.0,244400.0,244400.0
TRX100588,2026-02-25,Dealer-SMG01,Kampas Rem,1.0,76100.0,76100.0
TRX101081,2026-02-06,Dealer-MDN01,Kampas Rem,5.0,72300.0,361500.0
TRX100701,2026-01-11,Dealer-JKT02,Oli Mesin,6.0,55000.0,330000.0
TRX100825,2026-03-14,Dealer-JKT01,Kampas Rem,5.0,73100.0,365500.0
TRX100673,2026-03-06,Dealer-BDG01,Kampas Rem,2.0,75700.0,151400.0
TRX101110,2026-03-12,Dealer-JKT01,Aki,,280100.0,1960700.0
TRX100309,2026-02-24,Dealer-JKT01,Aki,7.0,270800.0,1895600.0
TRX100482,2026-03-19,Dealer-MDN01,Filter Udara,6.0,59700.0,358200.0
TRX100610,2026-03-22,Dealer-BDG01,Ban Luar,5.0,255100.0,1275500.0
TRX100321,2026-05-18,,Oli Mesin,3.0,54900.0,164700.0
TRX100781,2026-03-12,Dealer-JKT01,Oli Mesin,5.0,55800.0,279000.0
TRX100865,2026-02-16,Dealer-JKT02,Aki,2.0,292600.0,585200.0
TRX100410,2026-04-20,Dealer-JKT02,Oli Mesin,3.0,55900.0,167700.0
TRX100039,2026-04-23,Dealer-JKT01,Aki,4.0,281800.0,1127200.0
TRX100030,2026-03-21,Dealer-SBY01,Kampas Rem,2.0,70900.0,141800.0
TRX100242,2026-03-15,Dealer-JKT01,Oli Mesin,7.0,53700.0,375900.0
TRX100461,2026-04-06,Dealer-SMG01,Busi,2.0,35500.0,71000.0
TRX100136,2026-01-23,Dealer-MDN01,Aki,4.0,269700.0,1078800.0
TRX101006,2026-04-12,Dealer-SBY01,Filter Udara,1.0,60400.0,60400.0
TRX100433,2026-05-21,Dealer-MDN01,Filter Udara,6.0,62700.0,376200.0
TRX100003,2026-05-18,Dealer-JKT02,Oli Mesin,3.0,54500.0,163500.0
TRX101181,2026-02-09,Dealer-SMG01,Ban Luar,7.0,260000.0,1820000.0
TRX100622,2026-05-18,Dealer-SMG01,Aki,1.0,266400.0,266400.0
TRX101050,2026-05-13,Dealer-SMG01,Ban Luar,3.0,238000.0,714000.0
TRX101132,2026-01-08,Dealer-BDG01,Aki,1.0,284400.0,284400.0
TRX100844,2026-03-19,Dealer-BDG01,Ban Luar,6.0,256500.0,1539000.0
TRX101042,2026-02-22,Dealer-MDN01,Ban Luar,5.0,250900.0,1254500.0
TRX100486,2026-03-23,Dealer-SMG01,Filter Udara,7.0,61800.0,432600.0
TRX100314,2026-01-28,Dealer-MDN01,Filter Udara,1.0,60500.0,60500.0
TRX100876,2026-04-18,Dealer-JKT02,Aki,3.0,279100.0,837300.0
TRX100668,2026-02-06,Dealer-SBY01,FILTER_UDARA,3.0,60600.0,181800.0
TRX100708,2026-03-26,Dealer-BDG01,Kampas Rem,6.0,75500.0,453000.0
TRX100005,2026-02-04,Dealer-JKT01,Oli Mesin,5.0,53200.0,266000.0
TRX100100,2026-05-20,Dealer-MDN01,Kampas Rem,4.0,75400.0,301600.0
TRX100753,2026-03-20,Dealer-MDN01,Filter Udara,7.0,60000.0,420000.0
TRX100692,2026-02-06,Dealer-JKT02,Busi,2.0,34800.0,69600.0
TRX100722,2026-03-04,Dealer-BDG01,Filter Udara,4.0,59600.0,238400.0
TRX100832,2026-03-06,Dealer-MDN01,Ban Luar,7.0,246500.0,1725500.0
TRX100451,2026-05-28,Dealer-JKT02,Aki,7.0,289400.0,2025800.0
TRX100771,2026-03-09,Dealer-JKT02,Kampas Rem,5.0,71000.0,355000.0
TRX100331,2026-04-08,Dealer-BDG01,Kampas Rem,2.0,71400.0,142800.0
TRX100227,2026-03-30,Dealer-JKT02,Filter Udara,4.0,64900.0,259600.0
TRX100358,2026-03-20,Dealer-BDG01,Ban Luar,2.0,256800.0,513600.0
TRX100542,2026-01-19,Dealer-JKT02,Oli Mesin,6.0,54000.0,324000.0
TRX101043,2026-01-31,Dealer-SMG01,Filter Udara,5.0,60300.0,301500.0
TRX100597,2026-04-28,Dealer-MDN01,Busi,3.0,35200.0,105600.0
TRX100066,2026-01-11,Dealer-JKT01,Ban Luar,2.0,245800.0,491600.0
TRX100067,2026-05-05,Dealer-MDN01,Oli Mesin,1.0,55100.0,55100.0
TRX100629,2026-02-11,Dealer-SBY01,Aki,6.0,279600.0,1677600.0
TRX100211,2026-01-25,Dealer-BDG01,Aki,5.0,298500.0,1492500.0
TRX100012,2026-02-16,Dealer-MDN01,Aki,7.0,271500.0,1900500.0
TRX100523,2026-01-06,Dealer-MDN01,Ban Luar,4.0,257500.0,1030000.0
TRX100667,2026-02-17,Dealer-JKT01,Kampas Rem,6.0,74800.0,448800.0
TRX100299,2026-01-21,Dealer-JKT02,Kampas Rem,6.0,73100.0,438600.0
TRX100834,2026-02-15,Dealer-SBY01,Kampas Rem,3.0,76700.0,230100.0
TRX101120,2026-04-27,Dealer-SBY01,Kampas Rem,7.0,76100.0,532700.0
TRX101091,2026-03-26,Dealer-JKT02,Aki,4.0,263400.0,1053600.0
TRX100735,2026-05-30,Dealer-BDG01,Ban Luar,7.0,242100.0,1694700.0
TRX100532,2026-05-25,Dealer-SBY01,Filter Udara,2.0,59200.0,118400.0
TRX101182,2026-02-04,Dealer-SBY01,Kampas Rem,4.0,73500.0,294000.0
TRX100598,2026-02-08,Dealer-MDN01,Busi,2.0,35800.0,71600.0
TRX100545,2026-04-15,Dealer-MDN01,Busi,5.0,33700.0,168500.0
TRX100478,2026-02-17,Dealer-MDN01,Kampas Rem,7.0,75700.0,529900.0
TRX101136,2026-05-28,Dealer-JKT02,Oli Mesin,3.0,53500.0,160500.0
TRX101000,2026-01-18,Dealer-BDG01,Filter Udara,5.0,63500.0,317500.0
TRX100528,2026-05-03,Dealer-JKT01,Ban Luar,1.0,255500.0,255500.0
TRX100273,2026-05-27,Dealer-SMG01,Kampas Rem,6.0,79500.0,477000.0
TRX100390,2026-04-12,Dealer-SBY01,Oli Mesin,4.0,54200.0,216800.0
TRX100237,2026-05-12,Dealer-JKT01,Busi,4.0,34100.0,136400.0
TRX100438,2026-01-20,Dealer-SMG01,Busi,5.0,35200.0,176000.0
TRX100002,2026-04-03,Dealer-JKT02,Kampas Rem,1.0,77300.0,77300.0
TRX100006,2026-02-05,Dealer-JKT02,Kampas Rem,1.0,77300.0,77300.0
TRX100311,2026-02-19,Dealer-SBY01,Aki,2.0,281300.0,562600.0
TRX101045,2026-01-03,Dealer-MDN01,Filter Udara,3.0,57700.0,173100.0
TRX100818,2026-04-22,Dealer-JKT02,Oli Mesin,84.0,54200.0,4552800.0
TRX100990,2026-03-20,Dealer-JKT01,Kampas Rem,3.0,75100.0,225300.0
TRX100630,2026-01-15,Dealer-SMG01,Kampas Rem,2.0,73900.0,147800.0
TRX100215,2026-01-24,Dealer-MDN01,Ban Luar,2.0,250700.0,501400.0
TRX100767,2026-05-29,Dealer-JKT02,Ban Luar,7.0,257500.0,1802500.0
TRX100027,2026-05-21,Dealer-SMG01,Aki,6.0,1000.0,6000.0
TRX101174,2026-03-03,Dealer-BDG01,Aki,5.0,288100.0,1440500.0
TRX100966,2026-05-17,Dealer-MDN01,Kampas Rem,1.0,77000.0,77000.0
TRX100552,2026-01-18,Dealer-JKT01,Filter Udara,5.0,62400.0,312000.0
TRX100803,2026-02-06,Dealer-MDN01,Busi,2.0,36100.0,72200.0
TRX100885,2026-05-16,Dealer-SMG01,Ban Luar,1.0,248100.0,248100.0
TRX100772,2026-05-07,Dealer-SBY01,Kampas Rem,3.0,74500.0,223500.0
TRX100755,2026-01-25,Dealer-SMG01,Filter Udara,2.0,61200.0,122400.0
TRX100553,2026-01-19,Dealer-MDN01,Filter Udara,3.0,61200.0,183600.0
TRX100354,2026-04-04,Dealer-SBY01,Filter Udara,5.0,59200.0,296000.0
TRX101066,2026-03-26,Dealer-MDN01,Filter Udara,2.0,62800.0,125600.0
TRX100430,2026-05-25,Dealer-JKT01,Aki,5.0,271900.0,1359500.0
TRX100256,2026-05-19,Dealer-SMG01,Kampas Rem,4.0,72600.0,290400.0
TRX100291,2026-03-11,Dealer-BDG01,Busi,4.0,34500.0,138000.0
TRX100025,2026-02-08,Dealer-SMG01,Busi,3.0,33700.0,101100.0
TRX100336,2026-04-25,Dealer-SMG01,Filter Udara,6.0,59800.0,358800.0
TRX101159,2026-03-04,Dealer-SBY01,Filter Udara,1.0,62300.0,62300.0
TRX100047,2026-02-17,Dealer-MDN01,BUSI,7.0,34700.0,242900.0
TRX100318,2026-04-29,Dealer-SMG01,Kampas Rem,2.0,78600.0,157200.0
TRX100106,2026-05-10,Dealer-MDN01,Busi,3.0,34200.0,102600.0
TRX100872,2026-01-26,Dealer-BDG01,Busi,7.0,34900.0,244300.0
TRX100055,2026-01-15,Dealer-BDG01,Kampas Rem,3.0,74500.0,223500.0
TRX101089,2026-02-12,Dealer-SBY01,Ban Luar,5.0,248000.0,1240000.0
TRX100213,2026-02-12,Dealer-SMG01,Aki,4.0,283500.0,1134000.0
TRX100120,2026-05-26,Dealer-JKT02,Ban Luar,4.0,3066000.0,12264000.0
TRX100582,2026-02-02,Dealer-JKT02,Kampas Rem,5.0,70100.0,350500.0
TRX100506,2026-04-13,Dealer-JKT01,Busi,5.0,34700.0,173500.0
TRX100538,2026-04-11,Dealer-JKT01,Filter Udara,4.0,58500.0,234000.0
TRX100072,2026-02-25,Dealer-MDN01,Filter Udara,6.0,58600.0,351600.0
TRX100999,2026-03-01,Dealer-SBY01,Aki,2.0,283000.0,566000.0
TRX101120,2026-04-27,Dealer-SBY01,Kampas Rem,7.0,76100.0,532700.0
TRX100874,2026-03-20,Dealer-MDN01,Filter Udara,2.0,59200.0,118400.0
TRX100447,2026-03-13,Dealer-SBY01,Filter Udara,2.0,59400.0,118800.0
TRX100922,2026-05-25,Dealer-MDN01,Oli Mesin,7.0,55400.0,387800.0
TRX100808,2026-03-25,Dealer-BDG01,Oli Mesin,2.0,55300.0,110600.0
TRX100830,2026-02-25,Dealer-BDG01,Busi,4.0,1000.0,4000.0
TRX100581,2026-01-07,Dealer-SBY01,Ban Luar,2.0,249100.0,498200.0
TRX100974,2026-05-23,Dealer-BDG01,Filter Udara,3.0,59400.0,178200.0
TRX100519,2026-05-17,Dealer-JKT02,Filter Udara,1.0,59600.0,59600.0
TRX100325,2026-02-19,Dealer-JKT01,Busi,7.0,36300.0,254100.0
TRX100615,2026-05-22,Dealer-MDN01,Ban Luar,2.0,258600.0,517200.0
TRX100958,2026-01-02,Dealer-SMG01,Oli Mesin,4.0,51900.0,207600.0
TRX100316,2026-02-05,Dealer-JKT01,Aki,6.0,270900.0,1625400.0
TRX100801,2026-01-13,Dealer-JKT02,Oli Mesin,3.0,55200.0,165600.0
TRX100855,2026-02-20,Dealer-BDG01,Aki,5.0,288100.0,1440500.0
TRX100554,2026-04-15,Dealer-JKT01,Ban Luar,2.0,250100.0,500200.0
TRX100706,2026-01-12,Dealer-SBY01,Aki,4.0,274300.0,1097200.0
TRX101040,2026-01-13,Dealer-SMG01,Busi,2.0,33900.0,67800.0
TRX100959,2026-05-10,Dealer-BDG01,Oli Mesin,6.0,55200.0,331200.0
TRX100847,2026-03-01,Dealer-SBY01,Kampas Rem,2.0,73800.0,147600.0
TRX100060,2026-01-01,Dealer-JKT01,Kampas Rem,3.0,76700.0,230100.0
TRX100917,2026-01-19,Dealer-BDG01,Ban Luar,4.0,257300.0,1029200.0
TRX100092,2026-02-11,Dealer-JKT01,Ban Luar,2.0,241700.0,483400.0
TRX100886,2026-03-19,Dealer-SBY01,Filter Udara,3.0,61700.0,185100.0
TRX100424,2026-04-30,Dealer-SBY01,Filter Udara,6.0,61500.0,369000.0
TRX100351,2026-04-03,Dealer-JKT02,Kampas Rem,4.0,76400.0,305600.0
TRX100964,2026-02-27,Dealer-SMG01,Filter Udara,7.0,60700.0,424900.0
TRX100280,2026-04-03,Dealer-SBY01,Oli Mesin,6.0,51900.0,311400.0
TRX100453,2026-04-18,Dealer-JKT02,Filter Udara,3.0,58400.0,175200.0
TRX100429,2026-01-24,Dealer-SMG01,Kampas Rem,1.0,76800.0,76800.0
TRX100359,2026-05-21,Dealer-JKT01,Oli Mesin,4.0,55200.0,220800.0
TRX101048,2026-05-25,Dealer-SBY01,Filter Udara,6.0,58700.0,352200.0
TRX100566,2026-01-08,Dealer-MDN01,Ban Luar,1.0,243400.0,243400.0
TRX100859,2026-01-04,Dealer-JKT02,Busi,1.0,34600.0,34600.0
TRX100738,2026-03-05,Dealer-SBY01,Oli Mesin,6.0,53600.0,321600.0
TRX100761,2026-05-29,Dealer-JKT02,Filter Udara,2.0,62800.0,125600.0
TRX101195,2026-05-20,Dealer-SMG01,Filter Udara,1.0,60400.0,60400.0
TRX100182,2026-05-25,Dealer-SBY01,Ban Luar,7.0,244000.0,1708000.0
TRX100848,2026-05-30,Dealer-JKT01,Oli Mesin,6.0,56500.0,339000.0
TRX100465,2026-03-30,Dealer-BDG01,Ban Luar,7.0,247900.0,1735300.0
TRX100110,2026-01-13,Dealer-JKT01,Busi,7.0,33500.0,234500.0
TRX100370,2026-05-30,Dealer-BDG01,Kampas Rem,3.0,75800.0,227400.0
TRX100239,2026-05-08,Dealer-SBY01,Busi,4.0,35200.0,140800.0
TRX100730,2026-03-18,Dealer-JKT02,Busi,4.0,34800.0,139200.0
TRX100650,2026-02-14,Dealer-BDG01,Oli Mesin,7.0,53400.0,373800.0
TRX100613,2026-04-08,Dealer-MDN01,Filter Udara,6.0,61900.0,371400.0
TRX100204,2026-02-17,Dealer-SBY01,Busi,3.0,35800.0,107400.0
TRX101183,2026-02-18,Dealer-JKT01,Aki,1.0,296900.0,296900.0
TRX100261,2026-05-06,Dealer-JKT02,Filter Udara,1.0,60900.0,60900.0
TRX100514,2026-05-09,Dealer-JKT01,Aki,5.0,295300.0,1476500.0
TRX100670,2026-02-21,Dealer-MDN01,Filter Udara,2.0,61800.0,123600.0
TRX100339,2026-02-13,Dealer-MDN01,Ban Luar,2.0,257800.0,515600.0
TRX100741,2026-04-14,Dealer-SBY01,Aki,7.0,282300.0,1976100.0
TRX100570,2026-01-15,Dealer-BDG01,Aki,3.0,279000.0,837000.0
TRX100711,2026-01-26,Dealer-JKT02,Oli Mesin,6.0,57200.0,343200.0
TRX100183,2026-05-11,Dealer-SBY01,Kampas Rem,5.0,850800.0,4254000.0
TRX100137,2026-04-06,Dealer-JKT02,Aki,6.0,289700.0,1738200.0
TRX101177,2026-04-28,Dealer-JKT01,Filter Udara,1.0,61700.0,61700.0
TRX100728,2026-04-11,Dealer-JKT01,Oli Mesin,5.0,53400.0,267000.0
TRX100858,2026-02-08,Dealer-SMG01,Aki,7.0,278600.0,1950200.0
TRX100080,2026-05-30,Dealer-BDG01,Kampas Rem,6.0,75900.0,455400.0
TRX100643,2026-02-02,Dealer-SMG01,Aki,6.0,292100.0,1752600.0
TRX100816,2026-04-19,Dealer-MDN01,Filter Udara,1.0,57700.0,57700.0
TRX101080,2026-05-09,Dealer-JKT01,Aki,7.0,273600.0,1915200.0
TRX100029,2026-01-25,Dealer-SBY01,Oli Mesin,7.0,54400.0,380800.0
TRX100572,2026-03-20,Dealer-MDN01,Ban Luar,2.0,256400.0,512800.0
TRX100165,2026-02-04,Dealer-SBY01,Busi,2.0,35400.0,70800.0
TRX100248,2026-04-07,Dealer-MDN01,Oli Mesin,6.0,56000.0,336000.0
TRX100307,2026-02-25,Dealer-JKT01,Aki,6.0,280700.0,1684200.0
TRX100811,2026-04-11,Dealer-JKT01,Aki,1.0,272400.0,272400.0
TRX100481,2026-02-15,Dealer-MDN01,Oli Mesin,7.0,54300.0,380100.0
TRX100346,2026-03-17,Dealer-JKT02,Oli Mesin,6.0,53700.0,322200.0
TRX100334,2026-03-24,Dealer-SBY01,Oli Mesin,6.0,56900.0,341400.0
TRX100285,2026-03-22,Dealer-JKT02,Oli Mesin,3.0,54100.0,162300.0
TRX100982,2026-04-15,Dealer-JKT01,Ban Luar,2.0,250600.0,501200.0
TRX100097,2026-01-19,Dealer-JKT02,Busi,7.0,35700.0,249900.0
TRX101106,2026-04-11,Dealer-JKT01,Aki,3.0,292600.0,877800.0
TRX101053,2026-03-05,Dealer-MDN01,Filter Udara,1.0,63700.0,63700.0
TRX100943,2026-05-04,Dealer-JKT02,Busi,7.0,34600.0,242200.0
TRX100621,2026-03-02,Dealer-SMG01,Aki,3.0,272700.0,818100.0
TRX101158,2026-02-04,Dealer-JKT02,Busi,2.0,35800.0,71600.0
TRX100887,2026-04-19,Dealer-SBY01,Ban Luar,5.0,256600.0,1283000.0
TRX100868,2026-03-26,Dealer-JKT01,Aki,5.0,289000.0,1445000.0
TRX100780,2026-03-13,Dealer-JKT01,Kampas Rem,1.0,77100.0,77100.0
TRX100710,2026-03-15,Dealer-JKT01,Busi,2.0,34800.0,69600.0
TRX100065,2026-01-19,Dealer-MDN01,Kampas Rem,1.0,75400.0,75400.0
TRX100813,2026-04-25,Dealer-SMG01,Ban Luar,7.0,263800.0,1846600.0
TRX101054,2026-05-14,Dealer-BDG01,Ban Luar,4.0,249800.0,999200.0
TRX100649,2026-01-06,Dealer-SMG01,Aki,1.0,289500.0,289500.0
TRX101100,2026-05-23,Dealer-MDN01,Aki,1.0,275200.0,275200.0
TRX101115,2026-01-16,Dealer-JKT02,Oli Mesin,6.0,54800.0,328800.0
TRX100302,2026-01-25,Dealer-JKT02,Kampas Rem,3.0,74800.0,224400.0
TRX100254,2026-01-02,Dealer-JKT02,Ban Luar,1.0,245400.0,245400.0
TRX100991,2026-02-22,Dealer-JKT02,Aki,7.0,289600.0,2027200.0
TRX100963,2026-05-01,Dealer-BDG01,Kampas Rem,4.0,73100.0,292400.0
TRX100312,2026-03-07,Dealer-BDG01,Busi,4.0,35600.0,142400.0
TRX100908,2026-01-24,Dealer-SBY01,Ban Luar,6.0,242300.0,1453800.0
TRX100221,2026-01-09,Dealer-JKT01,Ban Luar,7.0,251900.0,1763300.0
TRX100477,2026-03-10,Dealer-SMG01,Aki,6.0,266100.0,1596600.0
TRX100388,2026-03-13,Dealer-SBY01,Oli Mesin,7.0,54300.0,380100.0
TRX100235,2026-03-17,Dealer-JKT01,Kampas Rem,7.0,74900.0,524300.0
TRX101058,2026-03-17,Dealer-MDN01,Aki,7.0,275100.0,1925700.0
TRX100636,2026-03-02,Dealer-BDG01,Filter Udara,1.0,59800.0,59800.0
TRX100898,2026-05-02,Dealer-JKT02,Kampas Rem,4.0,73800.0,295200.0
TRX100305,2026-02-04,Dealer-MDN01,Aki,5.0,280800.0,1404000.0
TRX101127,2026-05-24,Dealer-BDG01,Ban Luar,3.0,243300.0,729900.0
TRX100573,2026-05-28,Dealer-BDG01,Kampas Rem,3.0,78100.0,234300.0
TRX101102,2026-03-30,Dealer-SBY01,Oli Mesin,4.0,56700.0,226800.0
TRX100947,2026-02-25,Dealer-SMG01,Ban Luar,2.0,244100.0,488200.0
TRX101155,2026-02-15,Dealer-SBY01,Busi,5.0,35900.0,179500.0
TRX100249,2026-03-27,Dealer-SBY01,Kampas Rem,5.0,76400.0,382000.0
TRX100836,2026-01-19,Dealer-JKT02,Filter Udara,5.0,59300.0,296500.0
TRX100614,2026-03-08,Dealer-JKT02,Filter Udara,1.0,59000.0,59000.0
TRX100071,2026-01-27,Dealer-JKT01,Filter Udara,2.0,60400.0,120800.0
TRX100094,2026-01-03,Dealer-BDG01,Oli Mesin,2.0,56000.0,112000.0
TRX100849,2026-05-18,Dealer-SMG01,Kampas Rem,2.0,73800.0,147600.0
TRX100033,2026-03-07,Dealer-BDG01,Busi,5.0,34100.0,170500.0
TRX100892,2026-03-11,Dealer-JKT02,Aki,5.0,263900.0,1319500.0
TRX100448,2026-01-21,Dealer-SBY01,Aki,6.0,284000.0,1704000.0
TRX100445,2026-04-28,Dealer-JKT01,Ban Luar,3.0,261800.0,785400.0
TRX100850,2026-04-05,Dealer-SMG01,Oli Mesin,6.0,53900.0,323400.0
TRX100605,2026-05-22,Dealer-JKT01,Kampas Rem,6.0,74500.0,447000.0
TRX100787,2026-05-17,Dealer-BDG01,Oli Mesin,,56400.0,338400.0
TRX100077,2026-01-30,Dealer-JKT02,Ban Luar,4.0,251700.0,1006800.0
TRX100084,2026-03-16,Dealer-JKT02,Oli Mesin,2.0,58700.0,117400.0
TRX100557,2026-04-22,Dealer-JKT02,Filter Udara,2.0,60600.0,121200.0
TRX100082,2026-02-18,Dealer-JKT02,Ban Luar,7.0,249300.0,1745100.0
TRX100457,2026-01-18,Dealer-MDN01,Filter Udara,3.0,59800.0,179400.0
TRX100759,2026-05-06,Dealer-SMG01,Ban Luar,6.0,248200.0,1489200.0
TRX100436,2026-04-21,Dealer-BDG01,Busi,6.0,35700.0,214200.0
TRX100940,2026-02-09,Dealer-SBY01,Filter Udara,4.0,62800.0,251200.0
TRX100920,2026-03-18,Dealer-BDG01,Filter Udara,6.0,59800.0,358800.0
TRX100404,2026-04-28,Dealer-BDG01,Filter Udara,4.0,59500.0,238000.0
TRX101061,2026-02-12,Dealer-BDG01,Filter Udara,2.0,58600.0,117200.0
TRX101001,2026-02-11,Dealer-BDG01,Oli Mesin,,57600.0,288000.0
TRX100934,2026-04-08,Dealer-SBY01,Ban Luar,5.0,257300.0,1286500.0
TRX100104,2026-03-04,Dealer-SMG01,Busi,5.0,35500.0,177500.0
TRX100593,2026-05-28,Dealer-MDN01,Aki,2.0,287600.0,575200.0
TRX100712,2026-04-20,Dealer-SBY01,Aki,2.0,292300.0,584600.0
TRX100062,2026-05-23,Dealer-SMG01,Busi,6.0,35200.0,211200.0
TRX100281,2026-04-27,Dealer-JKT02,Filter Udara,5.0,59700.0,298500.0
TRX101072,2026-05-28,Dealer-MDN01,Busi,2.0,36700.0,73400.0
TRX100238,2026-04-29,Dealer-BDG01,Busi,4.0,33900.0,135600.0
TRX100223,2026-01-27,Dealer-SMG01,Oli Mesin,2.0,55500.0,111000.0
TRX100145,2026-05-25,Dealer-MDN01,Filter Udara,1.0,57400.0,57400.0
TRX101135,2026-01-10,Dealer-JKT02,Busi,5.0,36000.0,180000.0
TRX100373,2026-05-22,Dealer-BDG01,Ban Luar,2.0,257300.0,514600.0
TRX100118,2026-01-13,Dealer-SBY01,Kampas Rem,2.0,74100.0,148200.0
TRX100935,2026-01-13,Dealer-JKT01,Filter Udara,4.0,59700.0,238800.0
TRX100250,2026-05-23,Dealer-BDG01,Filter Udara,5.0,62200.0,311000.0
TRX101173,2026-02-19,Dealer-BDG01,Filter Udara,2.0,60300.0,120600.0
TRX100009,2026-03-25,Dealer-MDN01,Aki,4.0,279500.0,1118000.0
TRX100449,2026-02-26,Dealer-JKT01,Oli Mesin,5.0,59200.0,296000.0
TRX100903,2026-04-09,Dealer-JKT02,Ban Luar,4.0,255600.0,1022400.0
TRX100389,2026-03-11,Dealer-SBY01,Aki,2.0,283100.0,566200.0
TRX101192,2026-04-22,Dealer-MDN01,Aki,2.0,281100.0,562200.0
TRX100931,2026-03-03,Dealer-JKT02,Aki,1.0,275200.0,275200.0
TRX100460,2026-05-12,Dealer-JKT01,Busi,2.0,32400.0,64800.0
TRX101121,2026-03-18,Dealer-JKT02,Filter Udara,4.0,60300.0,241200.0
TRX100144,2026-01-01,Dealer-JKT01,Busi,1.0,33900.0,33900.0
TRX100501,2026-04-10,Dealer-SBY01,Busi,2.0,34200.0,68400.0
TRX101124,2026-01-21,Dealer-MDN01,Filter Udara,7.0,59900.0,419300.0
TRX100539,2026-05-01,Dealer-JKT01,Filter Udara,3.0,59300.0,177900.0
TRX100177,2026-02-26,Dealer-SBY01,Oli Mesin,5.0,55200.0,276000.0
TRX101175,2026-03-06,Dealer-MDN01,Filter Udara,7.0,62200.0,435400.0
TRX100720,2026-04-16,Dealer-JKT02,Kampas Rem,7.0,77700.0,543900.0
TRX101024,2026-01-29,Dealer-JKT01,Ban Luar,2.0,244400.0,488800.0
TRX100049,2026-04-26,Dealer-SBY01,Aki,7.0,273800.0,1916600.0
TRX100007,2026-01-06,Dealer-SBY01,Oli Mesin,1.0,51800.0,51800.0
TRX100575,2026-04-02,Dealer-MDN01,Ban Luar,6.0,256100.0,1536600.0
TRX101103,2026-04-12,Dealer-JKT02,Aki,2.0,283200.0,566400.0
TRX100357,2026-01-13,Dealer-SBY01,Aki,6.0,285300.0,1711800.0
TRX100329,2026-05-08,Dealer-JKT02,Oli Mesin,5.0,55800.0,279000.0
TRX100994,2026-05-16,Dealer-SBY01,Oli Mesin,6.0,55900.0,335400.0
TRX100857,2026-01-29,Dealer-JKT01,Oli Mesin,6.0,54600.0,327600.0
TRX100258,2026-05-15,Dealer-JKT01,Kampas Rem,2.0,72300.0,144600.0
TRX101170,2026-02-11,Dealer-BDG01,Ban Luar,4.0,255500.0,1022000.0
TRX100921,2026-04-27,Dealer-SMG01,Oli Mesin,7.0,55900.0,391300.0
TRX100798,2026-04-19,Dealer-MDN01,Aki,5.0,270400.0,1352000.0
TRX100620,2026-04-14,Dealer-BDG01,Ban Luar,4.0,257800.0,1031200.0
TRX101194,2026-02-07,Dealer-JKT02,BUSI,6.0,34100.0,204600.0
TRX100525,2026-01-01,Dealer-SBY01,Aki,6.0,280600.0,1683600.0
TRX101179,2026-05-07,Dealer-MDN01,Oli Mesin,7.0,58000.0,406000.0
TRX100679,2026-03-18,Dealer-SMG01,Kampas Rem,6.0,71400.0,428400.0
TRX100774,2026-02-19,Dealer-JKT01,Ban Luar,7.0,235700.0,1649900.0
TRX101157,2026-03-01,Dealer-BDG01,Aki,2.0,266800.0,533600.0
TRX100440,2026-01-27,Dealer-MDN01,Aki,1.0,261600.0,261600.0
TRX100531,2026-05-01,Dealer-SMG01,Kampas Rem,6.0,74200.0,445200.0
TRX100992,2026-04-27,Dealer-MDN01,Aki,6.0,280200.0,1681200.0
TRX100228,2026-03-19,Dealer-SMG01,Ban Luar,4.0,253000.0,1012000.0
TRX101057,2026-04-23,Dealer-MDN01,Filter Udara,6.0,59900.0,359400.0
TRX100212,2026-01-24,Dealer-JKT01,Ban Luar,2.0,246100.0,492200.0
TRX100079,2026-02-16,Dealer-SBY01,Ban Luar,3.0,250700.0,752100.0
TRX100148,2026-01-28,Dealer-JKT01,Busi,7.0,35400.0,247800.0
TRX100682,2026-03-25,Dealer-BDG01,Oli Mesin,2.0,55500.0,111000.0
TRX101060,2026-05-28,Dealer-SBY01,Filter Udara,1.0,60600.0,60600.0
TRX100609,2026-03-28,Dealer-SBY01,Kampas Rem,7.0,79300.0,555100.0
TRX100133,2026-01-04,Dealer-MDN01,Busi,1.0,35100.0,35100.0
TRX100439,2026-04-20,Dealer-SBY01,Kampas Rem,7.0,72300.0,506100.0
TRX100408,2026-03-15,Dealer-SBY01,Kampas Rem,4.0,75000.0,300000.0
TRX100693,2026-02-17,Dealer-MDN01,Oli Mesin,1.0,56400.0,56400.0
TRX100507,2026-05-15,Dealer-JKT01,Aki,3.0,293000.0,879000.0
TRX100906,2026-01-17,Dealer-JKT01,OLI_MESIN,6.0,55500.0,333000.0
TRX100504,2026-04-04,Dealer-MDN01,Oli Mesin,5.0,51200.0,256000.0
TRX100695,2026-05-06,Dealer-JKT02,Filter Udara,3.0,57000.0,171000.0
TRX100347,2026-05-10,Dealer-SBY01,Ban Luar,5.0,251000.0,1255000.0
TRX100386,2026-01-02,Dealer-BDG01,Kampas Rem,7.0,73000.0,511000.0
TRX100000,2026-02-18,Dealer-SBY01,Aki,5.0,254400.0,1272000.0
TRX100360,2026-04-19,Dealer-BDG01,Filter Udara,4.0,54500.0,218000.0
TRX101150,2026-05-15,Dealer-MDN01,Ban Luar,1.0,250000.0,250000.0
TRX100475,2026-02-14,Dealer-JKT01,Oli Mesin,2.0,51800.0,103600.0
TRX100973,2026-01-01,Dealer-SMG01,Busi,3.0,34600.0,103800.0
TRX101172,2026-01-05,Dealer-BDG01,AKI,4.0,272400.0,1089600.0
TRX100172,2026-04-24,Dealer-SBY01,Busi,3.0,34500.0,103500.0
TRX100450,2026-04-08,Dealer-BDG01,Ban Luar,5.0,261100.0,1305500.0
TRX100125,2026-04-10,Dealer-SBY01,Kampas Rem,4.0,77100.0,308400.0
TRX100660,2026-03-30,Dealer-MDN01,Ban Luar,6.0,252900.0,1517400.0
TRX100530,2026-05-28,Dealer-JKT01,Kampas Rem,3.0,80900.0,242700.0
TRX100090,2026-01-27,Dealer-SBY01,Ban Luar,4.0,258400.0,1033600.0
TRX101178,2026-03-12,Dealer-MDN01,Oli Mesin,3.0,53700.0,161100.0
TRX100181,2026-04-08,Dealer-JKT01,Kampas Rem,6.0,77000.0,462000.0
TRX100976,2026-02-09,Dealer-SMG01,Ban Luar,3.0,253200.0,759600.0
TRX100414,2026-02-01,Dealer-SMG01,Oli Mesin,5.0,56600.0,283000.0
TRX100251,2026-03-04,Dealer-JKT02,Filter Udara,1.0,65100.0,65100.0
TRX100069,2026-01-23,Dealer-MDN01,Oli Mesin,6.0,53700.0,322200.0
TRX100131,2026-05-19,Dealer-JKT01,Oli Mesin,3.0,56100.0,168300.0
TRX100300,2026-03-07,Dealer-SMG01,Kampas Rem,3.0,75000.0,225000.0
TRX100737,2026-04-26,Dealer-SMG01,Busi,66.0,36400.0,2402400.0
TRX100326,2026-03-11,Dealer-SMG01,Filter Udara,6.0,58500.0,351000.0
TRX101191,2026-02-04,Dealer-SBY01,Oli Mesin,7.0,56300.0,394100.0
TRX100499,2026-05-30,Dealer-JKT01,Filter Udara,4.0,62000.0,248000.0
TRX101186,2026-05-18,Dealer-JKT02,Ban Luar,6.0,246100.0,1476600.0
TRX100949,2026-01-08,,Kampas Rem,2.0,72600.0,145200.0
TRX100495,2026-05-06,Dealer-JKT02,Kampas Rem,2.0,73000.0,146000.0
TRX100338,2026-01-11,Dealer-SBY01,BUSI,3.0,32500.0,97500.0
TRX100996,2026-04-17,Dealer-BDG01,Ban Luar,3.0,264200.0,792600.0
TRX100164,2026-03-11,,Filter Udara,3.0,58400.0,175200.0
TRX100028,2026-01-28,Dealer-MDN01,Filter Udara,3.0,56100.0,168300.0
TRX100516,2026-05-02,,Busi,3.0,36100.0,108300.0
TRX100193,2026-05-03,Dealer-SBY01,Ban Luar,2.0,244000.0,488000.0
TRX100654,2026-01-23,Dealer-SMG01,Kampas Rem,5.0,76100.0,380500.0
TRX100802,2026-02-10,Dealer-BDG01,Filter Udara,6.0,60300.0,361800.0
TRX100169,2026-04-01,Dealer-MDN01,Oli Mesin,2.0,56700.0,113400.0
TRX100731,2026-02-24,,Busi,1.0,36700.0,36700.0
TRX100173,2026-04-01,Dealer-MDN01,Filter Udara,7.0,58900.0,412300.0
TRX100518,2026-01-03,Dealer-JKT02,Aki,7.0,280900.0,1966300.0
TRX100950,2026-02-25,Dealer-BDG01,Aki,2.0,269400.0,538800.0
TRX100723,2026-02-25,Dealer-SMG01,Oli Mesin,2.0,56100.0,112200.0
TRX100491,2026-05-12,Dealer-JKT01,Filter Udara,2.0,60500.0,121000.0
TRX100073,2026-03-31,Dealer-MDN01,Oli Mesin,,53700.0,214800.0
TRX101015,2026-05-30,Dealer-JKT02,Aki,2.0,273700.0,547400.0
TRX100587,2026-01-26,Dealer-SMG01,Oli Mesin,1.0,56700.0,56700.0
TRX100234,2026-05-28,Dealer-SMG01,Busi,2.0,35100.0,70200.0
TRX100214,2026-03-28,Dealer-BDG01,Aki,6.0,289000.0,1734000.0
TRX100979,2026-01-05,Dealer-JKT02,Aki,6.0,274400.0,1646400.0
TRX100132,2026-03-16,Dealer-JKT02,Oli Mesin,1.0,55800.0,55800.0
TRX100852,2026-02-28,Dealer-SBY01,Oli Mesin,5.0,57900.0,289500.0
TRX100754,2026-03-12,Dealer-MDN01,Kampas Rem,3.0,73500.0,220500.0
TRX101144,2026-05-08,Dealer-BDG01,Kampas Rem,5.0,74300.0,371500.0
TRX100185,2026-03-10,,Aki,7.0,282200.0,1975400.0
TRX100041,2026-05-14,Dealer-JKT01,Kampas Rem,4.0,77000.0,308000.0
TRX100108,2026-01-04,Dealer-MDN01,Filter Udara,5.0,59900.0,299500.0
TRX100983,2026-05-15,Dealer-MDN01,Oli Mesin,7.0,53600.0,375200.0
TRX100568,2026-01-03,Dealer-BDG01,Kampas Rem,2.0,74900.0,149800.0
TRX100671,2026-03-24,Dealer-SBY01,Filter Udara,4.0,60100.0,240400.0
TRX101030,2026-01-10,Dealer-SBY01,Busi,5.0,35200.0,176000.0
TRX101171,2026-03-15,Dealer-MDN01,Busi,7.0,33800.0,236600.0
TRX100483,2026-05-18,Dealer-SBY01,Filter Udara,1.0,58800.0,58800.0
TRX100468,2026-03-23,Dealer-JKT01,Kampas Rem,1.0,73800.0,73800.0
TRX100024,2026-05-16,Dealer-JKT02,Kampas Rem,2.0,73200.0,146400.0
TRX100838,2026-02-27,Dealer-SBY01,Busi,2.0,35100.0,70200.0
TRX100700,2026-01-09,Dealer-JKT02,Aki,4.0,274300.0,1097200.0
TRX100861,2026-05-20,Dealer-SMG01,Filter Udara,6.0,61000.0,366000.0
TRX101107,2026-05-16,Dealer-SMG01,Oli Mesin,4.0,55700.0,222800.0
TRX100366,2026-03-03,Dealer-SMG01,Busi,2.0,35000.0,70000.0
TRX100867,2026-03-31,Dealer-BDG01,Aki,5.0,284200.0,1421000.0
TRX101069,2026-05-17,Dealer-BDG01,Filter Udara,3.0,57600.0,172800.0
TRX100383,2026-01-26,Dealer-JKT02,KAMPAS_REM,4.0,73900.0,295600.0
TRX100454,2026-05-07,Dealer-BDG01,Busi,7.0,35800.0,250600.0
TRX100264,2026-03-02,Dealer-SMG01,Ban Luar,,2966400.0,17798400.0
TRX100783,2026-01-23,Dealer-MDN01,Aki,2.0,283300.0,566600.0
TRX101013,2026-05-02,Dealer-BDG01,Kampas Rem,7.0,72000.0,504000.0
TRX100444,2026-02-24,Dealer-SMG01,Ban Luar,1.0,261800.0,261800.0
TRX100395,2026-04-30,Dealer-SBY01,Busi,4.0,35900.0,143600.0
TRX100764,2026-01-31,Dealer-SMG01,Ban Luar,3.0,253400.0,760200.0
TRX100176,2026-01-18,Dealer-BDG01,Filter Udara,5.0,61100.0,305500.0
TRX100018,2026-01-31,Dealer-SBY01,Ban Luar,4.0,259700.0,1038800.0
TRX100727,2026-04-01,Dealer-BDG01,Kampas Rem,4.0,72800.0,291200.0
TRX100841,2026-03-16,Dealer-JKT02,Ban Luar,2.0,254800.0,509600.0
TRX100595,2026-03-10,Dealer-MDN01,Kampas Rem,,73600.0,441600.0
TRX100061,2026-05-21,Dealer-JKT02,Kampas Rem,7.0,70700.0,494900.0
TRX100272,2026-02-05,Dealer-JKT02,Filter Udara,2.0,59200.0,118400.0
TRX101142,2026-01-08,Dealer-JKT01,Oli Mesin,2.0,54200.0,108400.0
TRX100278,2026-04-05,Dealer-SMG01,Filter Udara,4.0,60100.0,240400.0
TRX100869,2026-01-02,Dealer-SMG01,Aki,7.0,283200.0,1982400.0
TRX100368,2026-03-08,Dealer-JKT01,Oli Mesin,2.0,55500.0,111000.0
TRX100916,2026-01-01,Dealer-JKT02,Busi,4.0,36000.0,144000.0
TRX100846,2026-01-04,Dealer-SBY01,FILTER_UDARA,3.0,57100.0,171300.0
TRX100888,2026-02-12,Dealer-MDN01,Filter Udara,5.0,58200.0,291000.0
TRX101096,2026-04-06,Dealer-BDG01,Aki,4.0,277000.0,1108000.0
TRX100796,2026-05-30,Dealer-JKT01,Oli Mesin,2.0,56200.0,112400.0
TRX100547,2026-05-06,Dealer-JKT01,Aki,5.0,278700.0,1393500.0
TRX100909,2026-02-13,Dealer-JKT02,Kampas Rem,6.0,75000.0,450000.0
TRX100688,2026-04-21,Dealer-JKT01,Kampas Rem,5.0,75500.0,377500.0
TRX100930,2026-02-06,Dealer-MDN01,Aki,1.0,271200.0,271200.0
TRX100456,2026-03-05,Dealer-JKT01,Aki,5.0,278000.0,1390000.0
TRX100393,2026-04-25,Dealer-MDN01,Ban Luar,7.0,259700.0,1817900.0
TRX100675,2026-04-04,Dealer-JKT01,Ban Luar,6.0,243800.0,1462800.0
TRX100942,2026-03-08,Dealer-JKT02,Filter Udara,7.0,60200.0,421400.0
TRX100997,2026-03-30,Dealer-SMG01,Busi,2.0,35000.0,70000.0
TRX100375,2026-02-08,Dealer-JKT01,Aki,6.0,283800.0,1702800.0
TRX100412,2026-05-19,Dealer-SMG01,Aki,6.0,292300.0,1753800.0
TRX100074,2026-04-18,Dealer-SMG01,Ban Luar,1.0,239800.0,239800.0
TRX101138,2026-02-09,Dealer-JKT01,Ban Luar,3.0,249400.0,748200.0
TRX100918,2026-02-14,Dealer-JKT02,Aki,1.0,271600.0,271600.0
TRX100500,2026-01-04,Dealer-SBY01,Kampas Rem,5.0,78100.0,390500.0
TRX100826,2026-03-21,Dealer-JKT01,Kampas Rem,3.0,76500.0,229500.0
TRX100616,2026-01-24,Dealer-MDN01,Busi,4.0,35600.0,142400.0
TRX100114,2026-03-07,Dealer-JKT02,Filter Udara,3.0,59100.0,177300.0
TRX100417,2026-02-20,Dealer-JKT01,Busi,4.0,35300.0,141200.0
TRX100601,2026-03-27,Dealer-BDG01,Aki,2.0,280100.0,560200.0
TRX100604,2026-02-07,Dealer-SMG01,Ban Luar,4.0,237200.0,948800.0
TRX100089,2026-01-03,Dealer-JKT01,Oli Mesin,2.0,52700.0,105400.0
TRX101165,2026-05-10,Dealer-SMG01,Filter Udara,3.0,59200.0,177600.0
TRX100498,2026-04-10,Dealer-BDG01,BAN_LUAR,7.0,239200.0,1674400.0
TRX100905,2026-05-26,Dealer-JKT01,Busi,6.0,33400.0,200400.0
TRX100912,2026-05-26,Dealer-MDN01,Oli Mesin,1.0,58200.0,58200.0
TRX100910,2026-05-04,Dealer-BDG01,Oli Mesin,4.0,54800.0,219200.0
TRX100011,2026-02-25,Dealer-SBY01,Oli Mesin,78.0,54000.0,4212000.0
TRX100396,2026-03-19,Dealer-SMG01,Kampas Rem,5.0,75600.0,378000.0
TRX100777,2026-04-24,Dealer-JKT02,Filter Udara,4.0,59900.0,239600.0
TRX100555,2026-03-17,Dealer-SBY01,Filter Udara,7.0,59200.0,414400.0
TRX100042,2026-02-03,Dealer-SBY01,Kampas Rem,3.0,72300.0,216900.0
TRX100167,2026-03-21,Dealer-SBY01,Filter Udara,1.0,57900.0,57900.0
TRX100416,2026-04-20,Dealer-MDN01,Filter Udara,5.0,57200.0,286000.0
TRX100576,2026-03-18,Dealer-BDG01,Aki,2.0,274100.0,548200.0
TRX100267,2026-01-15,Dealer-MDN01,Oli Mesin,6.0,51900.0,311400.0
TRX100889,2026-05-25,Dealer-BDG01,Oli Mesin,5.0,53600.0,268000.0
TRX100426,2026-03-21,Dealer-BDG01,Oli Mesin,5.0,54700.0,273500.0
TRX100690,2026-02-10,Dealer-SBY01,Ban Luar,1.0,243300.0,243300.0
TRX100544,2026-05-07,Dealer-BDG01,Busi,4.0,33000.0,132000.0
TRX101139,2026-03-19,Dealer-SMG01,Oli Mesin,4.0,54300.0,217200.0
TRX100674,2026-03-21,Dealer-MDN01,Busi,,35700.0,2177700.0
TRX100689,2026-03-20,Dealer-JKT01,Oli Mesin,4.0,56900.0,227600.0
TRX101117,2026-04-08,Dealer-SMG01,Ban Luar,5.0,240800.0,1204000.0
TRX101193,2026-02-19,Dealer-SMG01,Busi,4.0,33600.0,134400.0
TRX101162,2026-02-13,Dealer-SBY01,Filter Udara,5.0,56900.0,284500.0
TRX100985,2026-04-11,Dealer-JKT02,Oli Mesin,4.0,54100.0,216400.0
TRX100257,2026-03-20,Dealer-JKT01,Oli Mesin,7.0,54500.0,381500.0
TRX100335,2026-03-21,Dealer-SBY01,Aki,4.0,271300.0,1085200.0
TRX100015,2026-05-02,Dealer-SBY01,Oli Mesin,88.0,52200.0,4593600.0
TRX100932,2026-01-12,Dealer-SMG01,Oli Mesin,3.0,54000.0,162000.0
TRX100324,2026-04-26,Dealer-SBY01,Ban Luar,2.0,247700.0,495400.0
TRX100607,2026-02-15,Dealer-SMG01,Busi,2.0,34800.0,69600.0
TRX101070,2026-02-15,Dealer-MDN01,Oli Mesin,1.0,54300.0,54300.0
TRX100814,2026-04-03,Dealer-SBY01,Busi,1.0,33700.0,33700.0
TRX100222,2026-01-30,Dealer-JKT01,Filter Udara,6.0,61500.0,369000.0
TRX100179,2026-03-05,Dealer-JKT02,Aki,2.0,280800.0,561600.0
TRX100099,2026-03-17,Dealer-BDG01,Aki,5.0,293400.0,1467000.0
TRX100757,2026-01-25,Dealer-BDG01,Oli Mesin,4.0,54200.0,216800.0
TRX100521,2026-04-09,Dealer-MDN01,AKI,2.0,271700.0,543400.0
TRX100022,2026-04-04,Dealer-SBY01,Oli Mesin,4.0,53100.0,212400.0
TRX100356,2026-03-29,Dealer-JKT02,Kampas Rem,1.0,72500.0,72500.0
TRX100733,2026-05-24,Dealer-MDN01,BUSI,3.0,35300.0,105900.0
TRX100993,2026-05-09,Dealer-JKT01,Ban Luar,2.0,241000.0,482000.0
TRX101128,2026-04-21,Dealer-JKT01,Aki,6.0,275900.0,1655400.0
TRX100611,2026-04-15,Dealer-JKT01,Aki,6.0,279400.0,1676400.0
TRX101035,2026-03-16,Dealer-JKT02,Oli Mesin,3.0,53100.0,159300.0
TRX100340,2026-01-27,Dealer-JKT02,Ban Luar,2.0,241100.0,482200.0
TRX100431,2026-01-23,Dealer-SMG01,Busi,2.0,34800.0,69600.0
TRX100806,2026-05-09,Dealer-JKT02,Filter Udara,1.0,62300.0,62300.0
TRX100217,2026-01-18,Dealer-BDG01,Oli Mesin,6.0,54400.0,326400.0
TRX100203,2026-05-04,Dealer-BDG01,Ban Luar,4.0,251600.0,1006400.0
TRX100936,2026-02-03,Dealer-SMG01,Aki,4.0,292000.0,1168000.0
TRX100953,2026-04-12,Dealer-BDG01,Kampas Rem,1.0,75100.0,75100.0
TRX100093,2026-01-20,Dealer-JKT01,BAN_LUAR,7.0,258900.0,1812300.0
TRX100823,2026-05-07,Dealer-JKT02,Ban Luar,6.0,268400.0,1610400.0
TRX100068,2026-05-14,Dealer-JKT02,Aki,1.0,277900.0,277900.0
TRX100925,2026-05-28,Dealer-JKT02,AKI,4.0,278600.0,1114400.0
TRX100284,2026-05-04,Dealer-BDG01,Oli Mesin,5.0,53700.0,268500.0
TRX100696,2026-02-27,Dealer-MDN01,Filter Udara,5.0,61500.0,307500.0
TRX100085,2026-03-17,Dealer-JKT01,Aki,7.0,276200.0,1933400.0
TRX100434,2026-03-25,Dealer-BDG01,Aki,1.0,286300.0,286300.0
TRX100820,2026-05-13,Dealer-JKT02,Filter Udara,6.0,59300.0,355800.0
TRX100153,2026-03-12,Dealer-JKT02,Ban Luar,2.0,254000.0,508000.0
TRX100075,2026-05-12,Dealer-MDN01,Oli Mesin,7.0,55600.0,389200.0
TRX101088,2026-01-01,Dealer-SBY01,Busi,4.0,33400.0,133600.0
TRX100580,2026-01-01,Dealer-JKT02,Aki,5.0,298600.0,1493000.0
TRX100446,2026-04-02,Dealer-SBY01,Filter Udara,6.0,58200.0,349200.0
TRX100703,2026-05-07,Dealer-SMG01,Filter Udara,3.0,58600.0,175800.0
TRX100188,2026-02-10,Dealer-JKT01,Kampas Rem,1.0,76700.0,76700.0
TRX100271,2026-05-16,Dealer-SBY01,Aki,5.0,279000.0,1395000.0
TRX100236,2026-04-21,Dealer-JKT02,Filter Udara,1.0,61300.0,61300.0
TRX100487,2026-01-17,Dealer-SMG01,Oli Mesin,6.0,55500.0,333000.0
TRX101176,2026-03-24,Dealer-SBY01,Oli Mesin,4.0,53900.0,215600.0
TRX100559,2026-04-05,Dealer-JKT02,Oli Mesin,6.0,53500.0,321000.0
TRX100117,2026-05-20,Dealer-MDN01,Busi,7.0,35700.0,249900.0
TRX100637,2026-04-06,Dealer-MDN01,Busi,7.0,34500.0,241500.0
TRX101093,2026-04-29,Dealer-SMG01,Busi,4.0,34700.0,138800.0
TRX100750,2026-04-12,Dealer-JKT02,Kampas Rem,2.0,75300.0,150600.0
TRX100512,2026-03-09,Dealer-JKT01,Oli Mesin,5.0,54000.0,270000.0
TRX100633,2026-03-06,Dealer-SBY01,Busi,6.0,33200.0,199200.0
TRX100809,2026-04-08,Dealer-JKT01,Oli Mesin,1.0,54000.0,54000.0
TRX101032,2026-03-16,Dealer-JKT01,KAMPAS_REM,7.0,76000.0,532000.0
TRX100881,2026-03-13,Dealer-JKT02,Busi,5.0,35600.0,178000.0
TRX100126,2026-02-17,Dealer-BDG01,Filter Udara,7.0,61200.0,428400.0
TRX100790,2026-04-05,Dealer-BDG01,Kampas Rem,7.0,74600.0,522200.0
TRX100116,2026-03-27,Dealer-JKT02,Oli Mesin,7.0,54200.0,379400.0
TRX100473,2026-05-04,Dealer-SBY01,Busi,2.0,36200.0,72400.0
TRX100740,2026-04-26,Dealer-BDG01,Oli Mesin,3.0,54000.0,162000.0
TRX101027,2026-04-16,Dealer-SBY01,Busi,7.0,35000.0,245000.0
TRX100057,2026-04-23,Dealer-JKT01,Ban Luar,7.0,250800.0,1755600.0
TRX100603,2026-01-22,Dealer-SBY01,Busi,5.0,35600.0,178000.0
TRX100786,2026-02-06,Dealer-SBY01,Kampas Rem,6.0,72500.0,435000.0
TRX101004,2026-05-10,Dealer-JKT02,Oli Mesin,1.0,56500.0,56500.0
TRX100656,2026-01-15,Dealer-SMG01,Oli Mesin,4.0,56100.0,224400.0
TRX100933,2026-04-30,Dealer-JKT01,Filter Udara,,61400.0,245600.0
TRX100952,2026-05-20,Dealer-JKT02,Filter Udara,5.0,62800.0,314000.0
TRX100105,2026-01-30,Dealer-SBY01,Aki,6.0,280100.0,1680600.0
TRX100635,2026-04-02,Dealer-BDG01,Filter Udara,4.0,57000.0,228000.0
TRX100369,2026-04-28,Dealer-JKT01,Filter Udara,4.0,60800.0,243200.0
TRX100268,2026-05-06,Dealer-JKT01,Filter Udara,7.0,58200.0,407400.0
TRX100655,2026-02-03,Dealer-SBY01,Ban Luar,4.0,267000.0,1068000.0
TRX100819,2026-03-22,Dealer-SMG01,Oli Mesin,6.0,55000.0,330000.0
TRX100822,2026-05-20,Dealer-MDN01,Busi,1.0,34800.0,34800.0
TRX100046,2026-03-12,Dealer-SMG01,Aki,3.0,274600.0,823800.0
TRX100349,2026-01-20,Dealer-SBY01,Ban Luar,1.0,253600.0,253600.0
TRX100773,2026-02-28,Dealer-BDG01,Ban Luar,6.0,259700.0,1558200.0
TRX100195,2026-01-16,Dealer-SBY01,Aki,4.0,283300.0,1133200.0
TRX100102,2026-04-25,Dealer-SBY01,Aki,1.0,274500.0,274500.0
TRX100004,2026-05-27,Dealer-SBY01,Busi,6.0,33500.0,201000.0
TRX100619,2026-03-18,Dealer-BDG01,Filter Udara,7.0,59700.0,417900.0
TRX100571,2026-04-17,Dealer-SBY01,Kampas Rem,4.0,75200.0,300800.0
TRX100052,2026-03-03,Dealer-SMG01,Ban Luar,2.0,249300.0,498600.0
TRX100263,2026-01-08,Dealer-JKT01,Aki,6.0,285100.0,1710600.0
TRX101109,2026-04-29,Dealer-SBY01,Oli Mesin,2.0,54700.0,109400.0
TRX100443,2026-05-21,Dealer-SBY01,Ban Luar,3.0,259100.0,777300.0
TRX101005,2026-01-29,Dealer-SBY01,Kampas Rem,7.0,73400.0,513800.0
TRX100782,2026-05-18,Dealer-JKT01,Busi,3.0,35200.0,105600.0
TRX100837,2026-05-08,Dealer-JKT02,Kampas Rem,3.0,71400.0,214200.0
TRX100875,2026-04-06,Dealer-SMG01,Busi,3.0,36600.0,109800.0
TRX100691,2026-04-30,Dealer-MDN01,Ban Luar,7.0,242600.0,1698200.0
TRX100304,2026-04-01,Dealer-MDN01,Ban Luar,3.0,238900.0,716700.0
TRX100341,2026-04-21,Dealer-MDN01,Kampas Rem,3.0,75700.0,227100.0
TRX101022,2026-01-18,Dealer-MDN01,Aki,7.0,291900.0,2043300.0
TRX100313,2026-02-26,Dealer-MDN01,Oli Mesin,1.0,58600.0,58600.0
TRX100149,2026-05-20,Dealer-BDG01,Ban Luar,2.0,247700.0,495400.0
TRX100124,2026-03-18,Dealer-SBY01,Oli Mesin,4.0,55500.0,222000.0
TRX101079,2026-02-14,Dealer-MDN01,Filter Udara,1.0,59100.0,59100.0
TRX100574,2026-04-23,Dealer-MDN01,Oli Mesin,2.0,55000.0,110000.0
TRX100697,2026-03-16,Dealer-SBY01,Aki,7.0,274900.0,1924300.0
TRX100664,2026-03-30,Dealer-SBY01,Busi,6.0,36400.0,218400.0
TRX100050,2026-02-20,Dealer-MDN01,Oli Mesin,5.0,55800.0,279000.0
TRX100726,2026-02-05,Dealer-JKT02,Busi,3.0,34900.0,104700.0
TRX100799,2026-03-15,Dealer-MDN01,Ban Luar,7.0,248900.0,1742300.0
TRX100833,2026-05-17,Dealer-JKT01,Filter Udara,5.0,59700.0,298500.0
TRX100353,2026-01-15,Dealer-JKT02,Aki,6.0,264500.0,1587000.0
TRX101169,2026-03-18,Dealer-MDN01,Aki,6.0,276000.0,1656000.0
TRX100142,2026-04-23,Dealer-JKT01,Kampas Rem,6.0,70900.0,425400.0
TRX100470,2026-01-15,Dealer-BDG01,Busi,1.0,34400.0,34400.0
TRX100653,2026-03-13,Dealer-MDN01,Ban Luar,4.0,236400.0,945600.0
TRX100399,2026-03-31,Dealer-BDG01,Busi,7.0,35500.0,248500.0
TRX101036,2026-02-21,Dealer-JKT02,Ban Luar,5.0,255700.0,1278500.0
TRX100946,2026-01-09,Dealer-BDG01,Kampas Rem,5.0,76400.0,382000.0
TRX100320,2026-04-11,Dealer-JKT02,Filter Udara,3.0,58100.0,174300.0
TRX100019,2026-05-23,Dealer-JKT01,Busi,3.0,33600.0,100800.0
TRX100684,2026-01-20,Dealer-SMG01,Filter Udara,3.0,61900.0,185700.0
TRX100035,2026-05-29,Dealer-JKT01,Oli Mesin,7.0,55100.0,385700.0
TRX100824,2026-02-19,Dealer-JKT02,Busi,1.0,36500.0,36500.0
TRX100505,2026-01-14,Dealer-JKT02,Filter Udara,6.0,56600.0,339600.0
TRX100827,2026-04-26,Dealer-SBY01,Ban Luar,7.0,243800.0,1706600.0
TRX101087,2026-05-12,Dealer-SBY01,Kampas Rem,2.0,79400.0,158800.0
TRX100407,2026-01-14,Dealer-SMG01,Oli Mesin,7.0,56900.0,398300.0
TRX100817,2026-02-24,Dealer-SMG01,BAN_LUAR,1.0,263000.0,263000.0
TRX100866,2026-01-22,Dealer-MDN01,Aki,4.0,274400.0,1097600.0
TRX100537,2026-01-09,Dealer-SMG01,Ban Luar,2.0,254100.0,508200.0
TRX100758,2026-03-04,Dealer-SBY01,Filter Udara,3.0,60900.0,182700.0
TRX101085,2026-01-24,Dealer-SMG01,Ban Luar,6.0,259400.0,1556400.0
TRX100923,2026-03-15,Dealer-JKT02,Kampas Rem,4.0,77700.0,310800.0
TRX100038,2026-01-14,Dealer-JKT02,Aki,3.0,274500.0,823500.0
TRX100175,2026-03-03,Dealer-BDG01,Ban Luar,4.0,251500.0,1006000.0
TRX100245,2026-02-05,Dealer-SMG01,Aki,5.0,275600.0,1378000.0
TRX100810,2026-03-03,Dealer-JKT02,Oli Mesin,3.0,54400.0,163200.0
TRX101101,2026-05-30,Dealer-BDG01,Filter Udara,1.0,58900.0,58900.0
TRX101153,2026-02-01,Dealer-MDN01,Kampas Rem,4.0,79700.0,318800.0
TRX100784,2026-02-15,Dealer-SBY01,Aki,1.0,272800.0,272800.0
TRX100101,2026-04-15,Dealer-JKT02,Oli Mesin,6.0,55000.0,330000.0
TRX100489,2026-05-30,Dealer-JKT02,Busi,2.0,34100.0,68200.0
TRX100154,2026-04-06,Dealer-BDG01,Ban Luar,3.0,248500.0,745500.0
TRX100638,2026-05-26,Dealer-SBY01,Ban Luar,2.0,234400.0,468800.0
TRX100662,2026-03-24,Dealer-SBY01,Busi,7.0,34000.0,238000.0
TRX100853,2026-01-27,Dealer-MDN01,Filter Udara,3.0,61500.0,184500.0
TRX100287,2026-03-19,Dealer-JKT01,Filter Udara,3.0,60200.0,180600.0
TRX100625,2026-01-18,Dealer-SBY01,Filter Udara,6.0,60900.0,365400.0
TRX101143,2026-01-08,Dealer-SMG01,Filter Udara,5.0,58800.0,294000.0
TRX100685,2026-05-19,Dealer-JKT01,Ban Luar,3.0,245900.0,737700.0
TRX101033,2026-05-18,Dealer-JKT01,Kampas Rem,2.0,76600.0,153200.0
TRX100902,2026-05-25,Dealer-SBY01,Oli Mesin,3.0,56300.0,168900.0
TRX100569,2026-02-10,Dealer-BDG01,Oli Mesin,2.0,54800.0,109600.0
TRX101160,2026-01-23,Dealer-JKT02,Oli Mesin,7.0,53600.0,375200.0
TRX100734,2026-01-12,Dealer-SMG01,Kampas Rem,6.0,80400.0,482400.0
TRX100792,2026-01-29,Dealer-SMG01,Busi,1.0,32000.0,32000.0
TRX100017,2026-02-17,Dealer-JKT01,Oli Mesin,2.0,53600.0,107200.0
TRX100127,2026-05-24,Dealer-JKT02,Busi,3.0,37000.0,111000.0
TRX100322,2026-05-09,Dealer-SMG01,Ban Luar,3.0,249300.0,747900.0
TRX100255,2026-02-26,Dealer-MDN01,Oli Mesin,4.0,53600.0,214400.0
TRX101189,2026-04-13,Dealer-JKT02,Aki,7.0,279400.0,1955800.0
TRX101196,2026-03-14,Dealer-SBY01,Filter Udara,1.0,62200.0,62200.0
TRX100190,2026-05-30,Dealer-JKT01,Filter Udara,1.0,59100.0,59100.0
TRX100115,2026-01-19,Dealer-BDG01,Busi,4.0,36400.0,145600.0
TRX101190,2026-02-20,Dealer-BDG01,Oli Mesin,2.0,55100.0,110200.0
TRX101002,2026-03-24,Dealer-MDN01,Kampas Rem,6.0,79100.0,474600.0
TRX100606,2026-03-23,Dealer-SMG01,Kampas Rem,2.0,79000.0,158000.0
TRX100180,2026-01-18,Dealer-SMG01,Kampas Rem,4.0,76800.0,307200.0
TRX100301,2026-03-13,Dealer-SBY01,Ban Luar,1.0,250100.0,250100.0
TRX100496,2026-01-07,Dealer-BDG01,Filter Udara,1.0,62800.0,62800.0
TRX100348,2026-05-18,Dealer-SMG01,Oli Mesin,2.0,54700.0,109400.0
TRX101052,2026-03-09,Dealer-SMG01,Ban Luar,4.0,244900.0,979600.0
TRX101125,2026-01-06,Dealer-SBY01,Oli Mesin,4.0,57100.0,228400.0
TRX100744,2026-04-23,Dealer-SBY01,Oli Mesin,3.0,55700.0,167100.0
TRX101098,2026-05-10,Dealer-SMG01,Busi,5.0,35100.0,175500.0
TRX100988,2026-03-04,Dealer-MDN01,Filter Udara,4.0,59000.0,236000.0
TRX100517,2026-01-30,Dealer-MDN01,Oli Mesin,7.0,53300.0,373100.0
TRX100372,2026-05-20,,Aki,6.0,299100.0,1794600.0
TRX100045,2026-03-19,Dealer-MDN01,Filter Udara,4.0,60300.0,241200.0
TRX100476,2026-05-26,Dealer-SMG01,Busi,2.0,35700.0,71400.0
TRX100157,2026-01-03,Dealer-MDN01,Filter Udara,7.0,56400.0,394800.0
TRX101063,2026-05-15,Dealer-SBY01,Busi,6.0,34400.0,206400.0
TRX100171,2026-05-11,Dealer-MDN01,Aki,4.0,279200.0,1116800.0
TRX100016,2026-05-25,Dealer-SBY01,Oli Mesin,5.0,54300.0,271500.0
TRX100511,2026-02-06,Dealer-SMG01,Kampas Rem,2.0,79700.0,159400.0
TRX100048,2026-01-04,Dealer-SMG01,Aki,4.0,278000.0,1112000.0
TRX100191,2026-04-22,Dealer-JKT02,Filter Udara,1.0,62500.0,62500.0
TRX100546,2026-05-03,Dealer-BDG01,Ban Luar,6.0,240200.0,1441200.0
TRX100515,2026-04-27,Dealer-MDN01,Aki,4.0,267200.0,1068800.0
TRX101011,2026-04-18,Dealer-MDN01,Ban Luar,7.0,256000.0,1792000.0
TRX100970,2026-02-05,Dealer-SMG01,Filter Udara,3.0,60500.0,181500.0
TRX100828,2026-04-14,Dealer-SMG01,Kampas Rem,3.0,71000.0,213000.0
TRX101018,2026-04-27,Dealer-BDG01,Busi,5.0,36100.0,180500.0
TRX100480,2026-01-02,Dealer-BDG01,Aki,7.0,270300.0,1892100.0
TRX101145,2026-01-17,Dealer-JKT02,Busi,6.0,36200.0,217200.0
TRX100283,2026-01-21,Dealer-SMG01,Kampas Rem,7.0,74500.0,521500.0
TRX101046,2026-02-15,Dealer-SMG01,Ban Luar,5.0,249800.0,1249000.0
TRX100797,2026-03-29,Dealer-BDG01,Filter Udara,7.0,59900.0,419300.0
TRX100971,2026-05-09,Dealer-MDN01,Kampas Rem,5.0,76200.0,381000.0
TRX100225,2026-01-09,Dealer-JKT02,Aki,1.0,279200.0,279200.0
TRX100026,2026-05-29,Dealer-MDN01,Ban Luar,2.0,250700.0,501400.0
TRX100282,2026-04-21,Dealer-JKT01,Filter Udara,7.0,60000.0,420000.0
TRX101166,2026-01-25,Dealer-BDG01,Kampas Rem,1.0,72500.0,72500.0
TRX100437,2026-02-27,Dealer-JKT02,Busi,7.0,35000.0,245000.0
TRX101199,2026-03-11,Dealer-BDG01,Oli Mesin,5.0,55500.0,277500.0
TRX100364,2026-01-26,Dealer-SBY01,Busi,3.0,32900.0,98700.0
TRX100229,2026-04-13,Dealer-SMG01,Ban Luar,4.0,244600.0,978400.0
TRX100037,2026-05-14,Dealer-JKT01,Ban Luar,5.0,236700.0,1183500.0
TRX100669,2026-04-29,Dealer-BDG01,Busi,5.0,35500.0,177500.0
TRX100749,2026-01-02,Dealer-JKT02,Aki,7.0,276500.0,1935500.0
TRX101197,2026-01-08,Dealer-JKT01,Ban Luar,6.0,262100.0,1572600.0
TRX100374,2026-01-14,Dealer-SBY01,Oli Mesin,7.0,52400.0,366800.0
TRX100469,2026-01-02,Dealer-BDG01,Aki,6.0,285700.0,1714200.0
TRX100882,2026-05-28,Dealer-JKT02,Ban Luar,2.0,248100.0,496200.0
TRX101041,2026-01-11,Dealer-MDN01,Filter Udara,4.0,61000.0,244000.0
TRX101198,2026-03-16,Dealer-SMG01,Busi,1.0,35800.0,35800.0
TRX100687,2026-03-17,Dealer-BDG01,Aki,5.0,279300.0,1396500.0
TRX100032,2026-02-14,Dealer-SMG01,Busi,5.0,34000.0,170000.0
TRX100639,2026-03-03,Dealer-MDN01,Filter Udara,4.0,60700.0,242800.0
TRX101055,2026-05-24,Dealer-MDN01,Kampas Rem,2.0,77300.0,154600.0
TRX100194,2026-05-24,Dealer-JKT01,Busi,3.0,35200.0,105600.0
TRX101122,2026-05-21,Dealer-SMG01,Kampas Rem,4.0,74800.0,299200.0
TRX100170,2026-05-20,Dealer-SBY01,Ban Luar,2.0,255800.0,511600.0
TRX100984,2026-04-02,Dealer-JKT01,Oli Mesin,7.0,56300.0,394100.0
TRX100503,2026-04-08,Dealer-JKT02,Busi,6.0,35600.0,213600.0
TRX100915,2026-02-21,Dealer-BDG01,Busi,4.0,34000.0,136000.0
TRX101010,2026-03-09,Dealer-JKT02,Aki,6.0,287500.0,1725000.0
TRX101178,2026-03-12,Dealer-MDN01,Oli Mesin,3.0,53700.0,161100.0
TRX101163,2026-01-17,Dealer-SMG01,Ban Luar,4.0,240600.0,962400.0
TRX100800,2026-01-03,Dealer-BDG01,Oli Mesin,6.0,55100.0,330600.0
TRX100579,2026-04-03,Dealer-SMG01,Kampas Rem,6.0,77500.0,465000.0
TRX100160,2026-02-13,Dealer-JKT02,Aki,1.0,269200.0,269200.0
TRX100680,2026-05-02,Dealer-SMG01,Filter Udara,6.0,58500.0,351000.0
TRX100956,2026-04-09,Dealer-BDG01,Busi,3.0,34300.0,102900.0
TRX101147,2026-02-27,Dealer-JKT01,Aki,6.0,300800.0,1804800.0
TRX100162,2026-02-07,Dealer-SMG01,Oli Mesin,4.0,55100.0,220400.0
TRX100821,2026-02-20,Dealer-BDG01,Filter Udara,5.0,58300.0,291500.0
TRX100705,2026-01-09,Dealer-SBY01,Busi,7.0,34300.0,240100.0
TRX101034,2026-02-02,Dealer-SBY01,Aki,1.0,289800.0,289800.0
TRX100877,2026-05-28,Dealer-MDN01,Kampas Rem,4.0,73200.0,292800.0
TRX100895,2026-01-18,Dealer-MDN01,Filter Udara,4.0,58900.0,235600.0
TRX100913,2026-04-23,Dealer-MDN01,Kampas Rem,6.0,71300.0,427800.0
TRX100523,2026-01-06,Dealer-MDN01,Ban Luar,4.0,257500.0,1030000.0
TRX100152,2026-03-06,Dealer-JKT01,Kampas Rem,6.0,74900.0,449400.0
TRX101083,2026-02-18,Dealer-SMG01,Busi,1.0,35900.0,35900.0
TRX101031,2026-02-28,Dealer-JKT01,Kampas Rem,6.0,78600.0,471600.0
TRX100509,2026-01-05,Dealer-BDG01,Filter Udara,6.0,60200.0,361200.0
TRX100111,2026-04-21,Dealer-JKT01,Aki,6.0,284700.0,1708200.0
TRX100226,2026-03-06,Dealer-BDG01,Aki,5.0,277200.0,1386000.0
TRX101094,2026-03-29,Dealer-JKT02,Oli Mesin,3.0,56200.0,168600.0
TRX100851,2026-04-05,Dealer-SBY01,Ban Luar,6.0,236300.0,1417800.0
TRX100103,2026-03-29,Dealer-SMG01,Oli Mesin,7.0,56000.0,392000.0
TRX100421,2026-04-25,Dealer-SBY01,Kampas Rem,3.0,81200.0,243600.0
TRX100419,2026-05-15,Dealer-MDN01,Kampas Rem,4.0,73900.0,295600.0
TRX100967,2026-02-05,Dealer-JKT02,Oli Mesin,7.0,56200.0,393400.0
TRX100624,2026-01-20,Dealer-SMG01,Filter Udara,4.0,61100.0,244400.0
TRX100586,2026-03-03,Dealer-JKT01,Ban Luar,2.0,251900.0,503800.0
TRX101077,2026-04-09,Dealer-JKT02,Ban Luar,1.0,249600.0,249600.0
TRX100919,2026-01-07,Dealer-JKT02,Oli Mesin,5.0,55800.0,279000.0
TRX100672,2026-01-30,Dealer-SMG01,Kampas Rem,6.0,78200.0,469200.0
TRX100119,2026-03-01,Dealer-SMG01,Kampas Rem,7.0,75300.0,527100.0
TRX100053,2026-02-26,Dealer-MDN01,Ban Luar,5.0,246800.0,1234000.0
TRX100151,2026-05-01,Dealer-BDG01,Busi,7.0,36000.0,252000.0
TRX100403,2026-01-18,Dealer-JKT01,Filter Udara,5.0,64000.0,320000.0
TRX100323,2026-03-14,Dealer-JKT01,Aki,4.0,272400.0,1089600.0
TRX100207,2026-01-22,Dealer-SBY01,Busi,3.0,34200.0,102600.0
TRX101151,2026-04-15,Dealer-JKT01,Aki,1.0,282200.0,282200.0
TRX100658,2026-02-22,Dealer-JKT01,Busi,7.0,35200.0,246400.0
TRX101113,2026-03-26,Dealer-MDN01,Busi,5.0,34100.0,170500.0
TRX100232,2026-05-05,Dealer-BDG01,Busi,7.0,36000.0,252000.0
TRX100008,2026-01-22,Dealer-BDG01,Oli Mesin,5.0,56900.0,284500.0
TRX101014,2026-03-22,Dealer-JKT02,Ban Luar,3.0,247700.0,743100.0
TRX100159,2026-01-17,Dealer-SMG01,Busi,7.0,35100.0,245700.0
TRX100036,2026-01-23,Dealer-JKT02,Aki,7.0,282100.0,1974700.0
TRX100452,2026-01-01,Dealer-SBY01,Ban Luar,4.0,247100.0,988400.0
TRX100651,2026-03-04,Dealer-SMG01,Ban Luar,2.0,251500.0,503000.0
TRX100253,2026-01-08,Dealer-JKT01,Filter Udara,7.0,58700.0,410900.0
TRX100303,2026-03-04,Dealer-BDG01,Aki,,274500.0,549000.0
TRX100896,2026-03-18,Dealer-JKT01,Busi,1.0,34600.0,34600.0
TRX101065,2026-02-05,Dealer-SBY01,Busi,4.0,34900.0,139600.0
TRX100880,2026-05-12,Dealer-JKT01,Oli Mesin,4.0,56100.0,224400.0
TRX101149,2026-01-10,Dealer-JKT02,Aki,5.0,277600.0,1388000.0
TRX100623,2026-03-13,Dealer-BDG01,Busi,5.0,35600.0,178000.0
TRX100345,2026-04-15,Dealer-BDG01,Filter Udara,4.0,55700.0,222800.0
TRX101047,2026-03-09,Dealer-SMG01,Busi,6.0,35300.0,211800.0
TRX100262,2026-01-17,Dealer-JKT02,Oli Mesin,6.0,55800.0,334800.0
TRX100150,2026-04-21,Dealer-SMG01,Ban Luar,2.0,248700.0,497400.0
TRX100472,2026-04-19,Dealer-BDG01,Kampas Rem,5.0,76500.0,382500.0
TRX100640,2026-01-24,Dealer-BDG01,Ban Luar,7.0,247100.0,1729700.0
TRX100974,2026-05-23,Dealer-BDG01,Filter Udara,3.0,59400.0,178200.0
TRX101146,2026-04-06,Dealer-BDG01,Kampas Rem,4.0,75400.0,301600.0
TRX100550,2026-03-10,Dealer-MDN01,Kampas Rem,2.0,73300.0,146600.0
TRX100928,2026-02-18,Dealer-SBY01,Ban Luar,7.0,255500.0,1788500.0
TRX100488,2026-02-28,Dealer-BDG01,BAN_LUAR,3.0,244800.0,734400.0
TRX101097,2026-03-07,Dealer-MDN01,OLI_MESIN,6.0,54300.0,325800.0
TRX100146,2026-01-25,Dealer-JKT02,Ban Luar,3.0,262900.0,788700.0
TRX100402,2026-05-07,Dealer-SMG01,Ban Luar,4.0,253000.0,1012000.0
TRX100954,2026-04-25,Dealer-BDG01,Oli Mesin,5.0,55900.0,279500.0
TRX101141,2026-02-16,Dealer-JKT01,Ban Luar,5.0,246700.0,1233500.0
TRX100659,2026-03-26,Dealer-SBY01,Filter Udara,3.0,59900.0,179700.0
TRX100463,2026-01-19,Dealer-SMG01,Ban Luar,1.0,250300.0,250300.0
TRX100186,2026-03-21,Dealer-JKT01,Aki,5.0,265600.0,1328000.0
TRX100608,2026-03-04,Dealer-SBY01,Oli Mesin,3.0,52000.0,156000.0
TRX100143,2026-03-04,Dealer-JKT01,Busi,5.0,34400.0,172000.0
TRX100751,2026-02-01,Dealer-SMG01,Kampas Rem,6.0,74100.0,444600.0
TRX100981,2026-03-02,Dealer-JKT01,Oli Mesin,2.0,56600.0,113200.0
TRX100197,2026-01-10,Dealer-BDG01,Filter Udara,7.0,61600.0,431200.0
TRX100883,2026-04-25,Dealer-JKT01,Busi,5.0,35600.0,178000.0
TRX100279,2026-04-07,Dealer-SBY01,Busi,5.0,35200.0,176000.0
TRX100293,2026-02-27,Dealer-BDG01,Filter Udara,6.0,61100.0,366600.0
TRX101105,2026-05-03,Dealer-JKT02,Busi,7.0,33700.0,235900.0
TRX100400,2026-01-21,Dealer-JKT01,Filter Udara,5.0,60700.0,303500.0
TRX100122,2026-01-20,Dealer-JKT01,Filter Udara,6.0,61800.0,370800.0
TRX100202,2026-01-29,Dealer-BDG01,Busi,1.0,35100.0,35100.0
TRX100835,2026-03-30,Dealer-JKT01,Filter Udara,4.0,60700.0,242800.0
TRX100246,2026-02-04,Dealer-SBY01,Busi,2.0,34000.0,68000.0
TRX101156,2026-03-15,Dealer-JKT02,Aki,5.0,281700.0,1408500.0
TRX100384,2026-01-20,Dealer-JKT01,Kampas Rem,5.0,74300.0,371500.0
TRX100854,2026-01-02,Dealer-BDG01,Ban Luar,7.0,255800.0,1790600.0
TRX100219,2026-01-04,Dealer-BDG01,Kampas Rem,2.0,73200.0,146400.0
TRX100641,2026-03-03,Dealer-JKT02,Kampas Rem,6.0,70300.0,421800.0
TRX100001,2026-01-17,Dealer-JKT02,Ban Luar,5.0,245400.0,1227000.0
TRX100112,2026-05-04,Dealer-SMG01,Oli Mesin,3.0,50700.0,152100.0
TRX100698,2026-01-07,Dealer-MDN01,Kampas Rem,1.0,74100.0,74100.0
TRX100951,2026-01-17,Dealer-JKT02,Oli Mesin,1.0,55800.0,55800.0
TRX100240,2026-03-22,Dealer-JKT02,Filter Udara,7.0,61100.0,427700.0
TRX100441,2026-03-24,Dealer-JKT01,Aki,7.0,281300.0,1969100.0
TRX100663,2026-04-08,Dealer-SBY01,Busi,7.0,36300.0,254100.0
TRX101112,2026-01-26,Dealer-JKT01,Aki,6.0,268600.0,1611600.0
TRX100317,2026-02-14,Dealer-SBY01,Kampas Rem,2.0,72100.0,144200.0
TRX100648,2026-05-19,Dealer-JKT02,Aki,3.0,294100.0,882300.0
TRX100709,2026-02-20,Dealer-JKT02,Aki,3.0,275400.0,826200.0
TRX100972,2026-03-08,Dealer-MDN01,Aki,2.0,281200.0,562400.0
TRX100627,2026-01-21,Dealer-JKT01,Aki,1.0,277300.0,277300.0
TRX100632,2026-04-03,Dealer-JKT01,Aki,1.0,297000.0,297000.0
TRX101188,2026-05-10,Dealer-BDG01,Ban Luar,2.0,257900.0,515800.0
TRX100411,2026-03-04,Dealer-MDN01,Filter Udara,4.0,56000.0,224000.0
TRX100795,2026-03-15,Dealer-BDG01,Oli Mesin,7.0,54900.0,384300.0
TRX100645,2026-03-30,Dealer-MDN01,Aki,6.0,283000.0,1698000.0
TRX101012,2026-03-05,Dealer-SMG01,Aki,3.0,282300.0,846900.0
TRX100556,2026-03-22,Dealer-BDG01,FILTER_UDARA,1.0,59200.0,59200.0
TRX100681,2026-04-21,Dealer-BDG01,Oli Mesin,7.0,57000.0,399000.0
TRX100577,2026-01-09,Dealer-SMG01,Aki,7.0,286400.0,2004800.0
TRX100524,2026-01-01,Dealer-MDN01,Kampas Rem,6.0,74700.0,448200.0
TRX101059,2026-03-23,Dealer-SMG01,Busi,4.0,35100.0,140400.0
TRX100540,2026-05-26,Dealer-JKT01,Aki,4.0,280800.0,1123200.0
TRX100748,2026-02-20,Dealer-SMG01,Oli Mesin,4.0,52600.0,210400.0
TRX100765,2026-05-06,Dealer-JKT01,Ban Luar,1.0,259200.0,259200.0
TRX100484,2026-04-21,Dealer-JKT02,Ban Luar,3.0,254400.0,763200.0
TRX100095,2026-04-12,Dealer-SMG01,Kampas Rem,1.0,72200.0,72200.0
TRX101020,2026-03-22,Dealer-JKT01,Kampas Rem,2.0,68800.0,137600.0
TRX100563,2026-01-24,Dealer-BDG01,Ban Luar,1.0,255700.0,255700.0
TRX100742,2026-01-22,Dealer-SBY01,Oli Mesin,7.0,53400.0,373800.0
TRX100863,2026-03-09,Dealer-SBY01,Filter Udara,3.0,60800.0,182400.0
TRX100891,2026-04-28,Dealer-SBY01,Oli Mesin,5.0,57800.0,289000.0
TRX101038,2026-01-16,Dealer-MDN01,Oli Mesin,1.0,50800.0,50800.0
TRX100206,2026-05-19,Dealer-MDN01,Aki,5.0,280400.0,1402000.0
TRX100392,2026-04-20,Dealer-SBY01,Oli Mesin,1.0,55000.0,55000.0
TRX100794,2026-01-30,Dealer-SMG01,Kampas Rem,2.0,74700.0,149400.0
TRX100870,2026-03-04,Dealer-BDG01,Filter Udara,1.0,60200.0,60200.0
TRX100397,2026-03-15,Dealer-SMG01,Filter Udara,5.0,62500.0,312500.0
TRX100766,2026-05-01,Dealer-JKT02,Aki,3.0,278100.0,834300.0
TRX101116,2026-03-06,Dealer-SMG01,Filter Udara,2.0,61000.0,122000.0
TRX101028,2026-04-21,Dealer-SMG01,Filter Udara,7.0,59500.0,416500.0
TRX100642,2026-05-07,Dealer-SBY01,Filter Udara,1.0,61500.0,61500.0
TRX100612,2026-02-08,Dealer-SBY01,Busi,2.0,34600.0,69200.0
TRX100960,2026-04-21,Dealer-JKT01,Busi,5.0,32600.0,163000.0
TRX100725,2026-01-24,Dealer-SBY01,Ban Luar,5.0,254400.0,1272000.0
TRX100683,2026-05-13,Dealer-JKT01,Filter Udara,7.0,56600.0,396200.0
TRX100098,2026-02-14,Dealer-JKT02,Oli Mesin,1.0,55000.0,55000.0
TRX100804,2026-05-07,Dealer-JKT01,Ban Luar,3.0,241900.0,725700.0
TRX100406,2026-04-19,Dealer-JKT02,Filter Udara,6.0,62300.0,373800.0
TRX100502,2026-01-21,Dealer-JKT02,Busi,6.0,34300.0,205800.0
TRX101071,2026-03-21,Dealer-MDN01,Filter Udara,2.0,60400.0,120800.0
TRX101056,2026-05-25,Dealer-BDG01,Kampas Rem,4.0,74900.0,299600.0
TRX100929,2026-05-27,Dealer-JKT02,Kampas Rem,6.0,73500.0,441000.0
TRX100779,2026-03-07,Dealer-MDN01,Aki,4.0,291800.0,1167200.0
TRX100200,2026-02-23,Dealer-JKT01,Oli Mesin,3.0,54600.0,163800.0
TRX100134,2026-03-31,Dealer-JKT01,Oli Mesin,6.0,53100.0,318600.0
TRX101051,2026-02-21,Dealer-SMG01,Aki,3.0,291800.0,875400.0
TRX100040,2026-05-07,Dealer-SMG01,Kampas Rem,1.0,72700.0,72700.0
TRX101017,2026-02-14,Dealer-JKT01,Filter Udara,4.0,62100.0,248400.0
TRX100230,2026-05-01,Dealer-JKT01,Aki,1.0,274200.0,274200.0
TRX100378,2026-01-08,Dealer-SBY01,Ban Luar,2.0,246800.0,493600.0
TRX100288,2026-05-26,Dealer-JKT01,Oli Mesin,5.0,56000.0,280000.0
TRX100418,2026-04-21,Dealer-JKT01,Aki,4.0,279700.0,1118800.0
TRX100391,2026-03-20,Dealer-JKT02,Aki,6.0,296300.0,1777800.0
TRX100592,2026-02-26,Dealer-JKT02,Aki,7.0,283000.0,1981000.0
TRX101086,2026-02-22,Dealer-BDG01,Busi,1.0,35700.0,35700.0
TRX100647,2026-02-17,Dealer-SMG01,Aki,3.0,291200.0,873600.0
TRX100520,2026-02-13,Dealer-SMG01,Kampas Rem,2.0,72800.0,145600.0
TRX100064,2026-01-05,Dealer-SBY01,Busi,7.0,35500.0,248500.0
TRX100014,2026-03-11,Dealer-JKT02,Ban Luar,4.0,255500.0,1022000.0
TRX101064,2026-02-27,Dealer-SBY01,Filter Udara,7.0,64100.0,448700.0
TRX100492,2026-04-13,Dealer-JKT01,Oli Mesin,3.0,54400.0,163200.0
TRX100379,2026-01-15,Dealer-BDG01,Filter Udara,2.0,62100.0,124200.0
TRX100187,2026-02-07,Dealer-JKT02,Aki,7.0,274000.0,1918000.0
TRX100763,2026-03-25,Dealer-MDN01,Ban Luar,2.0,236700.0,473400.0
TRX100216,2026-03-10,Dealer-SMG01,Busi,6.0,37500.0,225000.0
TRX100791,2026-02-04,Dealer-SMG01,Oli Mesin,5.0,55700.0,278500.0
TRX101076,2026-04-03,Dealer-SBY01,Busi,5.0,36700.0,183500.0
TRX100878,2026-05-01,Dealer-SMG01,Kampas Rem,2.0,73800.0,147600.0
TRX100337,2026-04-05,Dealer-BDG01,Busi,2.0,35700.0,71400.0
TRX100719,2026-05-05,Dealer-JKT01,Aki,6.0,289600.0,1737600.0
TRX100295,2026-04-06,Dealer-SBY01,Oli Mesin,4.0,56300.0,225200.0
TRX101016,2026-04-06,Dealer-SBY01,Kampas Rem,3.0,77000.0,231000.0
TRX100455,2026-05-23,Dealer-SBY01,Oli Mesin,4.0,53200.0,212800.0
TRX100815,2026-01-09,Dealer-SMG01,BUSI,1.0,33800.0,33800.0
TRX100269,2026-05-07,Dealer-MDN01,Ban Luar,3.0,236900.0,710700.0
TRX100995,2026-02-14,Dealer-BDG01,Ban Luar,3.0,246400.0,739200.0
TRX100201,2026-01-22,Dealer-BDG01,Ban Luar,6.0,250500.0,1503000.0
TRX100161,2026-05-05,Dealer-JKT01,Oli Mesin,2.0,54900.0,109800.0
TRX100729,2026-01-18,Dealer-SBY01,Filter Udara,4.0,62600.0,250400.0
TRX100401,2026-05-20,Dealer-JKT02,Busi,7.0,34700.0,242900.0
TRX100702,2026-05-11,Dealer-BDG01,Oli Mesin,5.0,56500.0,282500.0
TRX101129,2026-01-16,Dealer-MDN01,Kampas Rem,2.0,75500.0,151000.0
TRX100565,2026-04-21,Dealer-BDG01,Busi,4.0,36900.0,147600.0
TRX101021,2026-01-21,Dealer-BDG01,Aki,3.0,265200.0,795600.0
TRX101025,2026-05-30,Dealer-JKT02,Filter Udara,7.0,63000.0,441000.0
TRX101104,2026-02-08,Dealer-BDG01,Aki,5.0,262800.0,1314000.0
TRX100205,2026-02-16,Dealer-MDN01,Ban Luar,2.0,254200.0,508400.0
TRX100034,2026-05-26,Dealer-JKT01,Filter Udara,7.0,63600.0,445200.0
TRX100775,2026-01-13,Dealer-MDN01,Ban Luar,4.0,240400.0,961600.0
TRX100508,2026-05-10,Dealer-SMG01,Busi,6.0,34500.0,207000.0
TRX100865,2026-02-16,Dealer-JKT02,Aki,2.0,292600.0,585200.0
TRX100091,2026-02-04,Dealer-JKT01,Oli Mesin,3.0,54800.0,164400.0
TRX100897,2026-04-20,Dealer-JKT02,Kampas Rem,3.0,74100.0,222300.0
TRX100564,2026-05-02,Dealer-SBY01,Oli Mesin,3.0,54500.0,163500.0
TRX100776,2026-05-06,Dealer-BDG01,Kampas Rem,1.0,72700.0,72700.0
TRX100241,2026-01-07,Dealer-JKT01,Filter Udara,3.0,60600.0,181800.0
TRX100013,2026-05-05,Dealer-BDG01,Kampas Rem,2.0,76900.0,153800.0
TRX100315,2026-04-13,Dealer-MDN01,Oli Mesin,7.0,55800.0,390600.0
TRX100600,2026-05-11,Dealer-SBY01,Ban Luar,1.0,245600.0,245600.0
TRX100387,2026-03-27,Dealer-SMG01,Oli Mesin,3.0,1000.0,3000.0
TRX100166,2026-02-20,Dealer-JKT02,Filter Udara,7.0,60700.0,424900.0
TRX100840,2026-03-29,Dealer-JKT02,Busi,1.0,33700.0,33700.0
TRX100020,2026-04-06,Dealer-SBY01,Filter Udara,2.0,62900.0,125800.0
TRX100646,2026-04-01,Dealer-JKT01,Kampas Rem,5.0,75100.0,375500.0
TRX101154,2026-05-27,Dealer-SMG01,Aki,5.0,272900.0,1364500.0
TRX100831,2026-03-17,Dealer-SMG01,Ban Luar,4.0,257800.0,1031200.0
TRX100562,2026-03-09,Dealer-MDN01,Kampas Rem,7.0,75500.0,528500.0
TRX101187,2026-03-13,Dealer-SMG01,Kampas Rem,7.0,76800.0,537600.0
TRX100686,2026-05-08,Dealer-JKT01,Oli Mesin,3.0,57300.0,171900.0
TRX100957,2026-04-27,Dealer-JKT01,Kampas Rem,6.0,72600.0,435600.0
TRX100189,2026-02-05,Dealer-JKT01,Kampas Rem,3.0,74400.0,223200.0
TRX100975,2026-03-19,Dealer-JKT02,Kampas Rem,5.0,73200.0,366000.0
TRX100699,2026-01-18,Dealer-JKT01,Kampas Rem,2.0,70800.0,141600.0
TRX100510,2026-02-06,Dealer-JKT01,Busi,6.0,36200.0,217200.0
TRX101082,2026-02-14,Dealer-SBY01,Ban Luar,6.0,267500.0,1605000.0
TRX100474,2026-03-06,Dealer-MDN01,Ban Luar,6.0,249700.0,1498200.0
TRX100856,2026-02-17,Dealer-BDG01,Aki,5.0,284800.0,1424000.0
TRX100747,2026-04-07,Dealer-SMG01,Ban Luar,2.0,247400.0,494800.0
TRX100252,2026-02-12,Dealer-BDG01,Filter Udara,5.0,56900.0,284500.0
TRX100021,2026-02-13,Dealer-SMG01,Kampas Rem,1.0,74900.0,74900.0
TRX100459,2026-05-08,Dealer-JKT01,Ban Luar,2.0,247300.0,494600.0
TRX101184,2026-03-31,Dealer-BDG01,Oli Mesin,7.0,56000.0,392000.0
TRX100276,2026-03-28,Dealer-JKT01,Aki,3.0,272200.0,816600.0
TRX100955,2026-04-17,Dealer-JKT02,Filter Udara,4.0,56700.0,226800.0
TRX100385,2026-03-26,Dealer-SMG01,Kampas Rem,3.0,73900.0,221700.0
TRX100805,2026-05-07,Dealer-JKT02,Ban Luar,2.0,251300.0,502600.0
TRX100343,2026-01-31,Dealer-JKT02,Filter Udara,1.0,62000.0,62000.0
TRX100769,2026-01-22,Dealer-BDG01,Filter Udara,5.0,57300.0,286500.0
TRX100130,2026-05-25,Dealer-MDN01,Kampas Rem,2.0,72800.0,145600.0
TRX100871,2026-02-11,Dealer-MDN01,Kampas Rem,3.0,75000.0,225000.0
TRX101123,2026-03-06,Dealer-JKT01,Filter Udara,3.0,58500.0,175500.0
TRX100087,2026-01-22,Dealer-SBY01,Busi,3.0,35500.0,106500.0
TRX100330,2026-03-15,Dealer-JKT02,Oli Mesin,6.0,54000.0,324000.0
TRX100466,2026-01-05,Dealer-JKT02,Ban Luar,6.0,255900.0,1535400.0
TRX100121,2026-02-15,Dealer-BDG01,Oli Mesin,5.0,54200.0,271000.0
TRX101044,2026-03-25,Dealer-JKT02,Filter Udara,3.0,63500.0,190500.0
TRX101095,2026-04-28,Dealer-JKT02,Ban Luar,1.0,267700.0,267700.0
TRX101130,2026-02-14,Dealer-SBY01,Aki,6.0,276900.0,1661400.0
TRX100860,2026-04-02,Dealer-JKT02,Kampas Rem,7.0,80900.0,566300.0
TRX101126,2026-05-21,Dealer-MDN01,Busi,6.0,34900.0,209400.0
