id_konsumen,usia,penghasilan_juta,dp_persen,tenor_bulan,jumlah_telat_sebelumnya,status_pembayaran
K20000,24,3.7,15,24,1,Macet
K20001,35,9.0,30,24,0,Lancar
K20002,43,5.2,20,36,0,Lancar
K20003,45,11.0,25,36,0,Lancar
K20004,35,8.9,20,12,2,Lancar
K20005,22,4.5,15,24,1,Macet
K20006,19,4.7,10,12,0,Macet
K20007,36,8.5,15,12,0,Lancar
K20008,48,6.3,10,36,0,Lancar
K20009,20,6.6,15,36,0,Lancar
K20010,51,10.2,10,36,2,Lancar
K20011,44,5.1,10,12,1,Macet
K20012,19,7.2,30,24,1,Lancar
K20013,31,9.4,20,24,0,Lancar
K20014,27,9.0,20,36,0,Lancar
K20015,54,6.6,15,24,0,Lancar
K20016,39,6.3,20,36,1,Lancar
K20017,30,2.7,25,12,0,Lancar
K20018,29,4.4,20,24,2,Macet
K20019,39,7.8,20,36,1,Lancar
K20020,19,6.7,15,24,0,Macet
K20021,28,7.2,15,24,0,Macet
K20022,25,9.6,20,24,0,Lancar
K20023,41,4.0,30,36,0,Lancar
K20024,43,6.4,15,12,4,Macet
K20025,36,7.5,15,36,2,Macet
K20026,24,5.2,15,24,0,Macet
K20027,32,10.6,15,24,1,Lancar
K20028,50,9.3,30,24,1,Lancar
K20029,26,7.7,20,24,1,Lancar
K20030,25,11.5,15,36,0,Lancar
K20031,23,3.3,15,36,1,Macet
K20032,49,7.0,15,36,1,Lancar
K20033,23,7.9,10,36,0,Lancar
K20034,40,4.7,15,24,0,Lancar
K20035,55,7.8,25,24,2,Lancar
K20036,42,4.2,20,36,0,Lancar
K20037,34,8.7,10,12,2,Lancar
K20038,26,9.6,20,36,0,Lancar
K20039,19,7.7,20,24,0,Lancar
K20040,24,2.5,10,24,0,Macet
K20041,54,4.6,20,24,4,Macet
K20042,24,8.4,20,24,1,Lancar
K20043,19,7.1,25,12,0,Lancar
K20044,49,2.5,10,24,1,Macet
K20045,34,10.1,10,24,4,Macet
K20046,32,7.3,15,12,0,Lancar
K20047,45,5.0,10,12,2,Macet
K20048,38,9.5,15,24,0,Lancar
K20049,52,5.3,25,24,0,Lancar
K20050,36,5.3,10,36,0,Lancar
K20051,45,7.9,15,12,3,Macet
K20052,51,11.5,30,24,1,Lancar
K20053,36,11.1,15,12,0,Lancar
K20054,29,7.9,15,24,0,Lancar
K20055,55,8.2,20,24,1,Lancar
K20056,27,9.0,10,24,0,Lancar
K20057,20,3.9,10,24,2,Macet
K20058,40,8.6,20,24,0,Lancar
K20059,55,5.2,15,12,3,Macet
K20060,22,7.8,10,24,2,Macet
K20061,50,6.4,10,24,0,Lancar
K20062,49,8.3,25,24,1,Lancar
K20063,53,7.3,10,24,2,Macet
K20064,34,2.5,20,36,1,Macet
K20065,28,7.4,15,24,3,Macet
K20066,37,8.6,20,12,2,Macet
K20067,24,8.1,10,24,1,Macet
K20068,50,6.7,10,12,1,Macet
K20069,43,11.1,15,24,0,Lancar
K20070,36,7.8,20,36,3,Macet
K20071,38,8.1,10,36,0,Lancar
K20072,45,9.6,15,24,1,Lancar
K20073,38,7.9,15,12,2,Macet
K20074,50,4.8,10,36,0,Lancar
K20075,53,2.5,20,12,0,Lancar
K20076,54,5.8,10,24,2,Macet
K20077,41,8.9,15,36,0,Lancar
K20078,46,6.1,10,24,0,Lancar
K20079,30,9.0,15,12,0,Lancar
K20080,20,7.4,15,24,2,Lancar
K20081,33,10.2,15,24,1,Lancar
K20082,51,6.3,15,12,0,Lancar
K20083,23,8.2,30,24,1,Lancar
K20084,39,8.3,15,24,1,Lancar
K20085,26,10.8,25,24,1,Lancar
K20086,34,2.7,10,12,1,Macet
K20087,24,5.9,15,36,1,Macet
K20088,46,9.1,10,24,1,Lancar
K20089,48,10.9,15,36,2,Lancar
K20090,47,7.6,20,24,1,Lancar
K20091,45,6.3,25,12,1,Lancar
K20092,27,8.9,20,24,0,Lancar
K20093,38,9.2,20,24,1,Lancar
K20094,22,6.1,10,24,1,Macet
K20095,32,7.8,10,36,0,Macet
K20096,37,10.0,25,36,0,Lancar
K20097,43,11.7,10,36,1,Lancar
K20098,22,8.9,10,24,0,Lancar
K20099,49,7.1,30,24,0,Lancar
K20100,35,6.9,30,24,1,Lancar
K20101,51,8.4,20,24,1,Lancar
K20102,38,6.7,15,36,1,Lancar
K20103,39,7.5,25,36,0,Lancar
K20104,44,4.4,10,24,0,Macet
K20105,49,10.2,15,36,0,Lancar
K20106,24,4.1,15,36,1,Macet
K20107,37,5.9,30,24,1,Lancar
K20108,20,7.2,30,36,0,Lancar
K20109,36,12.0,20,12,2,Lancar
K20110,49,5.9,10,12,1,Lancar
K20111,51,5.3,15,24,0,Lancar
K20112,29,5.6,10,24,2,Macet
K20113,33,11.1,25,24,2,Lancar
K20114,39,2.5,10,36,0,Macet
K20115,33,4.5,10,24,0,Macet
K20116,25,13.8,20,24,0,Lancar
K20117,30,8.5,15,24,1,Lancar
K20118,33,4.2,25,12,1,Lancar
K20119,38,6.9,10,36,2,Macet
K20120,53,7.2,25,24,2,Macet
K20121,39,9.1,10,36,2,Macet
K20122,33,11.6,10,24,0,Lancar
K20123,43,8.0,15,12,1,Lancar
K20124,47,5.7,10,12,0,Macet
K20125,34,9.0,20,12,0,Lancar
K20126,37,5.3,10,36,1,Macet
K20127,27,4.4,10,24,2,Macet
K20128,50,2.6,20,24,2,Macet
K20129,51,3.1,10,12,0,Macet
K20130,25,4.8,20,36,0,Lancar
K20131,31,4.1,20,12,2,Macet
K20132,29,7.8,10,36,0,Lancar
K20133,53,4.0,25,36,2,Macet
K20134,21,2.5,10,24,3,Macet
K20135,26,4.4,15,24,1,Macet
K20136,30,5.8,10,12,1,Macet
K20137,39,5.5,25,24,1,Lancar
K20138,28,10.8,20,36,0,Lancar
K20139,38,5.5,15,24,2,Macet
K20140,46,9.2,30,36,0,Lancar
K20141,49,7.0,15,24,0,Lancar
K20142,22,6.9,25,12,3,Macet
K20143,24,4.9,20,36,1,Lancar
K20144,22,6.9,30,24,1,Lancar
K20145,52,5.1,30,12,0,Lancar
K20146,43,7.4,30,24,1,Lancar
K20147,38,6.4,10,24,2,Macet
K20148,48,4.6,25,36,0,Lancar
K20149,40,9.5,25,12,2,Lancar
K20150,27,8.1,20,36,0,Lancar
K20151,37,5.9,10,24,1,Macet
K20152,45,7.4,30,24,1,Lancar
K20153,20,6.8,10,12,0,Lancar
K20154,41,4.8,15,36,1,Macet
K20155,37,7.2,15,24,0,Lancar
K20156,21,5.4,10,24,2,Macet
K20157,28,4.6,20,12,0,Lancar
K20158,35,2.9,10,24,1,Macet
K20159,31,6.1,20,36,1,Lancar
K20160,29,8.4,25,24,0,Lancar
K20161,43,5.3,15,36,0,Macet
K20162,33,13.3,20,12,1,Lancar
K20163,37,9.2,10,12,2,Macet
K20164,48,10.3,25,24,0,Lancar
K20165,22,9.0,30,36,0,Lancar
K20166,32,11.6,10,24,0,Lancar
K20167,21,5.0,20,24,3,Macet
K20168,53,2.5,15,24,0,Macet
K20169,25,5.9,15,24,0,Macet
K20170,49,8.4,20,24,1,Lancar
K20171,26,7.4,15,36,0,Lancar
K20172,30,7.7,20,24,1,Lancar
K20173,41,10.3,10,24,0,Lancar
K20174,49,8.0,15,24,1,Lancar
K20175,25,9.0,25,24,0,Lancar
K20176,26,4.7,10,24,0,Lancar
K20177,51,4.3,20,36,0,Lancar
K20178,30,11.0,10,12,2,Lancar
K20179,26,7.3,25,36,0,Lancar
K20180,46,5.4,20,12,2,Macet
K20181,22,5.4,15,36,3,Macet
K20182,51,5.4,10,12,1,Macet
K20183,51,5.2,15,36,2,Macet
K20184,50,3.8,30,24,3,Macet
K20185,29,3.2,15,12,0,Lancar
K20186,23,6.5,15,24,0,Lancar
K20187,34,5.5,20,24,0,Lancar
K20188,31,9.8,15,24,1,Lancar
K20189,54,7.7,15,24,1,Lancar
K20190,42,7.7,15,36,1,Lancar
K20191,53,5.1,10,36,1,Macet
K20192,46,6.7,20,24,1,Lancar
K20193,45,7.9,25,36,1,Lancar
K20194,23,8.8,30,24,1,Lancar
K20195,21,6.8,25,12,0,Lancar
K20196,20,9.7,15,24,1,Lancar
K20197,40,7.0,10,12,2,Macet
K20198,26,9.0,20,24,0,Lancar
K20199,55,5.8,30,24,0,Lancar
K20200,23,2.5,20,24,2,Macet
K20201,54,7.7,15,12,1,Lancar
K20202,43,8.8,20,36,1,Lancar
K20203,22,8.4,25,24,0,Lancar
K20204,21,8.1,30,36,1,Lancar
K20205,33,6.1,25,24,1,Lancar
K20206,31,5.0,15,24,2,Macet
K20207,30,8.4,10,24,0,Lancar
K20208,38,8.1,15,36,1,Lancar
K20209,23,5.6,15,12,1,Macet
K20210,23,9.8,30,12,2,Lancar
K20211,44,4.8,15,36,1,Macet
K20212,55,5.5,15,36,0,Lancar
K20213,29,11.1,15,24,2,Lancar
K20214,53,9.2,20,12,0,Lancar
K20215,31,6.1,15,12,1,Macet
K20216,31,7.7,10,24,1,Lancar
K20217,22,7.4,25,36,0,Lancar
K20218,34,2.5,15,24,0,Lancar
K20219,37,4.7,15,12,0,Macet
K20220,43,6.9,10,12,1,Macet
K20221,24,6.1,20,24,2,Macet
K20222,25,7.6,20,24,0,Lancar
K20223,34,9.8,25,12,1,Lancar
K20224,21,6.2,10,12,1,Macet
K20225,24,4.4,30,24,1,Lancar
K20226,42,7.8,20,12,1,Lancar
K20227,54,6.2,10,24,1,Macet
K20228,40,6.6,10,12,1,Macet
K20229,24,6.3,10,24,1,Macet
K20230,55,12.6,25,36,1,Lancar
K20231,38,2.5,10,36,0,Macet
K20232,45,6.0,15,36,1,Lancar
K20233,26,7.0,20,24,0,Lancar
K20234,40,5.0,25,12,3,Macet
K20235,21,9.2,20,24,1,Lancar
K20236,42,9.0,25,36,0,Lancar
K20237,26,6.9,10,12,1,Macet
K20238,52,6.3,25,24,2,Lancar
K20239,21,6.7,10,24,1,Lancar
K20240,43,6.7,10,12,0,Lancar
K20241,24,6.8,30,36,1,Lancar
K20242,44,6.5,10,24,1,Macet
K20243,37,7.6,10,24,1,Lancar
K20244,54,8.9,20,36,0,Lancar
K20245,43,3.9,15,12,2,Macet
K20246,32,4.4,10,12,1,Macet
K20247,22,2.6,20,24,2,Macet
K20248,41,9.2,25,24,0,Lancar
K20249,35,7.6,25,24,0,Lancar
K20250,20,8.3,10,12,0,Lancar
K20251,40,3.4,20,36,0,Lancar
K20252,26,11.5,25,24,0,Lancar
K20253,27,5.5,10,24,1,Macet
K20254,19,7.4,10,24,0,Lancar
K20255,32,9.1,10,36,3,Macet
K20256,27,4.5,15,24,1,Macet
K20257,21,5.6,10,36,0,Lancar
K20258,35,7.4,20,12,4,Macet
K20259,27,14.1,30,24,0,Lancar
K20260,23,7.8,10,36,1,Macet
K20261,36,11.0,20,24,2,Lancar
K20262,21,10.0,10,24,0,Lancar
K20263,55,7.9,10,36,1,Lancar
K20264,36,4.5,25,12,1,Lancar
K20265,55,9.6,15,24,1,Lancar
K20266,51,3.3,30,36,0,Lancar
K20267,55,11.0,15,36,1,Lancar
K20268,39,7.5,10,36,1,Lancar
K20269,34,2.5,15,36,1,Macet
K20270,45,6.1,10,12,3,Macet
K20271,21,8.6,25,36,0,Lancar
K20272,50,6.4,20,24,1,Lancar
K20273,30,8.8,15,24,0,Lancar
K20274,19,4.9,15,24,1,Macet
K20275,27,3.7,20,36,1,Macet
K20276,27,6.8,25,24,5,Macet
K20277,19,7.1,10,36,3,Macet
K20278,43,6.1,10,12,0,Lancar
K20279,22,10.1,10,12,1,Lancar
K20280,50,4.9,15,24,0,Lancar
K20281,35,7.8,15,12,0,Lancar
K20282,45,7.2,10,24,1,Macet
K20283,31,3.1,15,24,1,Macet
K20284,23,3.7,15,24,0,Lancar
K20285,25,7.0,10,12,0,Lancar
K20286,42,12.0,30,12,2,Lancar
K20287,45,8.4,20,24,0,Lancar
K20288,28,2.7,15,24,0,Macet
K20289,32,2.5,15,12,0,Macet
K20290,53,8.8,15,12,1,Lancar
K20291,50,6.8,25,12,1,Lancar
K20292,34,9.9,20,24,1,Lancar
K20293,27,4.8,15,12,0,Macet
K20294,30,7.9,30,24,0,Lancar
K20295,38,9.1,25,24,0,Lancar
K20296,39,5.9,25,24,0,Lancar
K20297,25,5.9,10,24,1,Macet
K20298,21,7.1,10,24,0,Macet
K20299,37,8.4,20,36,0,Lancar
K20300,48,7.0,15,24,3,Macet
K20301,24,9.4,20,24,1,Lancar
K20302,34,5.8,25,36,2,Macet
K20303,24,3.7,10,24,1,Macet
K20304,27,11.9,10,24,0,Lancar
K20305,41,5.5,15,36,1,Macet
K20306,29,5.6,10,12,2,Macet
K20307,28,6.8,20,36,0,Lancar
K20308,55,7.2,20,24,2,Lancar
K20309,25,6.0,15,24,0,Lancar
K20310,26,7.0,20,24,2,Macet
K20311,53,6.9,15,12,0,Lancar
K20312,39,7.4,20,36,1,Lancar
K20313,20,2.5,10,12,0,Macet
K20314,34,11.7,20,24,1,Lancar
K20315,39,6.6,20,24,0,Lancar
K20316,28,8.5,10,36,1,Macet
K20317,39,3.6,20,12,1,Macet
K20318,42,5.8,25,36,1,Lancar
K20319,28,5.3,10,24,2,Macet
K20320,49,10.7,20,36,2,Lancar
K20321,35,5.5,30,12,2,Macet
K20322,54,8.9,25,12,0,Lancar
K20323,22,5.4,15,24,1,Macet
K20324,30,5.9,20,12,1,Macet
K20325,45,6.4,30,24,0,Lancar
K20326,52,10.2,20,12,0,Lancar
K20327,27,2.5,10,36,1,Macet
K20328,55,3.7,10,36,1,Macet
K20329,26,2.5,25,36,1,Macet
K20330,34,4.3,15,36,0,Macet
K20331,30,5.0,10,36,2,Macet
K20332,34,3.0,15,24,0,Macet
K20333,52,5.2,25,24,2,Lancar
K20334,46,2.5,15,36,1,Macet
K20335,48,4.5,25,36,0,Lancar
K20336,28,10.0,20,36,2,Lancar
K20337,54,8.0,30,36,0,Lancar
K20338,35,7.5,25,12,1,Lancar
K20339,43,4.5,10,36,0,Lancar
K20340,44,3.2,20,36,1,Macet
K20341,43,4.2,10,24,0,Macet
K20342,41,6.9,30,36,0,Lancar
K20343,36,9.2,10,24,0,Lancar
K20344,42,9.3,20,36,1,Lancar
K20345,52,8.6,25,12,0,Lancar
K20346,33,5.2,10,36,0,Macet
K20347,37,7.1,25,12,0,Lancar
K20348,25,6.2,10,24,0,Lancar
K20349,32,6.5,15,12,1,Lancar
K20350,47,12.1,15,24,0,Lancar
K20351,42,2.6,15,12,0,Macet
K20352,26,6.4,20,36,0,Lancar
K20353,39,10.0,30,24,0,Lancar
K20354,49,3.3,15,36,1,Macet
K20355,23,5.4,20,24,1,Macet
K20356,21,5.7,25,12,2,Macet
K20357,33,6.4,25,36,0,Lancar
K20358,43,3.0,10,36,1,Macet
K20359,30,8.5,30,24,0,Lancar
K20360,49,8.7,10,36,1,Lancar
K20361,50,8.3,20,36,1,Lancar
K20362,38,4.8,20,24,0,Lancar
K20363,33,7.2,25,36,0,Lancar
K20364,20,4.8,10,36,0,Macet
K20365,49,6.2,10,24,3,Macet
K20366,52,12.4,25,24,0,Lancar
K20367,35,7.2,10,12,0,Lancar
K20368,38,4.0,15,12,0,Lancar
K20369,46,7.5,20,36,2,Macet
K20370,44,3.6,20,36,1,Macet
K20371,24,4.0,10,24,0,Macet
K20372,43,4.4,15,24,2,Macet
K20373,53,5.9,30,12,0,Lancar
K20374,46,9.3,15,24,0,Lancar
K20375,36,8.4,10,36,1,Lancar
K20376,38,8.3,10,24,2,Macet
K20377,28,4.3,15,12,0,Lancar
K20378,43,5.6,30,24,1,Lancar
K20379,27,7.7,15,24,2,Macet
K20380,31,5.4,10,36,0,Lancar
K20381,28,6.3,15,36,0,Lancar
K20382,31,8.1,10,24,0,Lancar
K20383,32,6.1,10,24,1,Macet
K20384,22,7.6,30,24,0,Lancar
K20385,45,11.0,20,24,0,Lancar
K20386,35,6.6,10,24,0,Lancar
K20387,54,9.9,15,12,1,Lancar
K20388,25,8.4,10,36,1,Macet
K20389,43,3.3,10,24,0,Macet
K20390,25,4.2,20,24,1,Macet
K20391,39,4.9,15,12,1,Macet
K20392,37,4.9,20,36,0,Lancar
K20393,35,6.8,25,12,0,Lancar
K20394,43,8.5,10,24,1,Macet
K20395,49,10.1,30,36,1,Lancar
K20396,30,7.8,15,24,2,Lancar
K20397,50,5.9,10,36,0,Lancar
K20398,25,2.5,25,12,0,Lancar
K20399,29,7.2,10,36,2,Macet
K20400,30,7.1,20,36,0,Lancar
K20401,54,7.5,20,24,0,Lancar
K20402,23,12.3,10,24,0,Lancar
K20403,33,10.1,25,24,1,Lancar
K20404,34,9.0,10,36,0,Lancar
K20405,48,4.6,25,36,3,Macet
K20406,36,5.7,10,36,2,Macet
K20407,54,6.8,10,36,0,Lancar
K20408,46,5.1,15,24,2,Macet
K20409,45,8.3,25,24,2,Lancar
K20410,46,7.9,10,24,1,Lancar
K20411,24,4.3,25,36,0,Lancar
K20412,35,10.0,10,36,1,Lancar
K20413,40,7.3,15,24,1,Macet
K20414,26,2.7,15,12,1,Macet
K20415,23,6.9,10,24,0,Lancar
K20416,24,7.7,30,36,1,Lancar
K20417,48,9.4,15,36,2,Lancar
K20418,43,6.2,20,12,0,Lancar
K20419,29,9.1,20,12,0,Lancar
K20420,46,7.5,15,24,1,Lancar
K20421,44,3.7,20,12,0,Lancar
K20422,49,3.5,25,36,1,Lancar
K20423,52,9.8,20,24,1,Lancar
K20424,51,10.0,15,24,0,Lancar
K20425,25,7.8,20,12,0,Lancar
K20426,47,10.7,20,24,2,Lancar
K20427,33,9.6,15,36,1,Lancar
K20428,33,8.7,20,24,0,Lancar
K20429,42,4.7,15,12,1,Macet
K20430,41,11.3,25,12,0,Lancar
K20431,34,8.3,30,36,1,Lancar
K20432,55,6.0,30,36,0,Lancar
K20433,25,5.3,25,12,0,Lancar
K20434,22,7.6,20,24,3,Macet
K20435,20,2.8,20,12,2,Macet
K20436,49,8.7,10,24,0,Lancar
K20437,34,4.6,15,12,1,Macet
K20438,35,7.9,10,36,1,Lancar
K20439,43,5.7,10,36,0,Macet
K20440,35,6.3,30,12,2,Lancar
K20441,40,5.1,25,24,1,Lancar
K20442,21,6.6,15,12,1,Macet
K20443,24,11.7,10,24,0,Lancar
K20444,53,10.5,20,12,0,Lancar
K20445,35,7.9,15,24,1,Lancar
K20446,25,6.9,25,36,0,Lancar
K20447,32,9.1,30,12,1,Lancar
K20448,31,9.8,15,36,0,Lancar
K20449,29,4.9,10,12,0,Lancar
K20450,29,6.8,10,24,1,Macet
K20451,45,2.5,10,24,1,Macet
K20452,22,9.8,15,36,0,Lancar
K20453,30,12.2,10,12,1,Lancar
K20454,36,7.2,10,12,1,Macet
K20455,38,2.5,10,36,2,Macet
K20456,51,8.5,10,36,0,Lancar
K20457,53,4.7,20,24,0,Lancar
K20458,30,5.3,10,12,0,Lancar
K20459,38,8.6,25,24,2,Macet
K20460,19,7.6,10,36,3,Macet
K20461,41,5.8,10,24,0,Lancar
K20462,24,5.4,10,24,0,Macet
K20463,21,7.3,20,24,0,Lancar
K20464,43,6.0,10,24,0,Lancar
K20465,25,4.2,15,36,0,Macet
K20466,36,6.2,10,36,0,Lancar
K20467,22,7.8,30,12,0,Lancar
K20468,46,6.6,10,36,0,Lancar
K20469,47,3.5,15,24,0,Macet
K20470,40,9.5,25,24,0,Lancar
K20471,49,2.5,10,24,1,Macet
K20472,35,5.9,10,36,1,Macet
K20473,25,5.4,25,24,0,Lancar
K20474,24,7.4,10,24,0,Lancar
K20475,27,8.4,10,36,0,Lancar
K20476,26,9.8,15,12,0,Lancar
K20477,30,5.2,10,36,1,Macet
K20478,26,8.5,30,24,0,Lancar
K20479,40,7.5,20,24,1,Lancar
K20480,24,2.7,20,24,0,Macet
K20481,42,11.8,10,24,0,Lancar
K20482,31,3.4,20,24,1,Lancar
K20483,44,8.0,20,24,2,Lancar
K20484,37,8.0,10,36,1,Macet
K20485,52,7.7,25,36,0,Lancar
K20486,35,5.8,20,36,0,Lancar
K20487,29,9.1,25,24,1,Lancar
K20488,40,3.1,10,24,0,Macet
K20489,43,6.8,10,24,1,Macet
K20490,35,5.6,20,12,2,Macet
K20491,39,5.3,25,36,2,Lancar
K20492,36,8.1,15,24,4,Macet
K20493,30,9.7,10,24,1,Lancar
K20494,30,6.1,25,24,1,Lancar
K20495,52,9.0,10,24,1,Lancar
K20496,43,7.1,15,24,1,Lancar
K20497,22,4.8,20,24,0,Lancar
K20498,54,6.4,10,24,2,Macet
K20499,45,6.3,10,24,0,Lancar
K20500,20,5.3,10,12,1,Macet
K20501,45,8.1,30,36,1,Lancar
K20502,40,7.6,15,12,0,Lancar
K20503,52,3.0,20,24,0,Lancar
K20504,37,2.9,30,24,3,Macet
K20505,38,8.1,20,24,1,Lancar
K20506,30,5.0,15,36,2,Macet
K20507,30,7.8,15,24,1,Macet
K20508,41,9.0,15,36,0,Lancar
K20509,49,3.8,20,36,2,Macet
K20510,51,3.5,30,12,1,Lancar
K20511,47,11.2,25,12,1,Lancar
K20512,41,7.9,15,24,0,Lancar
K20513,37,6.0,15,24,2,Macet
K20514,31,4.7,25,24,0,Lancar
K20515,47,5.7,10,12,0,Lancar
K20516,30,4.0,25,12,3,Macet
K20517,28,9.2,10,24,1,Lancar
K20518,51,5.1,20,24,1,Lancar
K20519,40,9.7,25,24,0,Lancar
K20520,32,6.0,15,36,0,Lancar
K20521,51,4.4,10,12,2,Macet
K20522,54,5.9,25,24,0,Lancar
K20523,30,2.5,15,36,1,Macet
K20524,38,6.7,15,24,0,Lancar
K20525,36,6.6,15,24,4,Macet
K20526,44,9.1,15,24,0,Lancar
K20527,54,2.5,20,12,0,Macet
K20528,39,9.9,10,36,2,Lancar
K20529,48,9.1,15,24,0,Lancar
K20530,41,10.1,25,24,0,Lancar
K20531,51,6.9,10,24,0,Lancar
K20532,33,9.5,15,24,1,Lancar
K20533,33,3.3,20,24,0,Lancar
K20534,34,8.8,25,36,2,Lancar
K20535,55,5.1,20,24,0,Lancar
K20536,41,2.9,25,12,0,Lancar
K20537,24,4.2,10,24,0,Macet
K20538,20,7.0,15,36,0,Lancar
K20539,38,4.9,30,24,0,Lancar
K20540,48,7.9,25,24,0,Lancar
K20541,36,2.5,20,24,0,Macet
K20542,39,2.5,15,36,0,Macet
K20543,48,10.4,15,24,1,Lancar
K20544,38,9.3,10,36,0,Lancar
K20545,52,4.4,25,12,1,Lancar
K20546,42,7.0,25,36,1,Lancar
K20547,46,9.5,15,36,1,Lancar
K20548,47,8.0,10,24,2,Lancar
K20549,42,7.4,15,24,0,Lancar
K20550,20,9.7,10,12,0,Lancar
K20551,34,5.2,20,24,1,Macet
K20552,24,7.1,20,12,0,Lancar
K20553,37,7.0,10,12,2,Macet
K20554,24,6.3,20,36,0,Lancar
K20555,37,6.0,30,24,0,Lancar
K20556,31,7.2,10,24,1,Macet
K20557,19,7.1,15,24,1,Macet
K20558,23,4.4,15,24,0,Macet
K20559,37,9.0,10,24,0,Lancar
K20560,21,4.6,15,24,0,Macet
K20561,50,6.5,20,24,1,Lancar
K20562,47,6.3,10,36,0,Lancar
K20563,45,7.9,10,24,1,Lancar
K20564,25,2.5,25,36,1,Macet
K20565,48,9.2,15,24,1,Lancar
K20566,42,5.3,20,24,4,Macet
K20567,33,10.0,20,12,1,Lancar
K20568,19,5.8,25,12,1,Lancar
K20569,38,6.9,20,36,0,Lancar
K20570,48,11.8,25,24,1,Lancar
K20571,20,6.3,20,24,1,Lancar
K20572,20,10.1,15,36,2,Macet
K20573,33,7.1,15,24,0,Lancar
K20574,37,8.0,15,36,0,Lancar
K20575,36,7.2,15,24,0,Lancar
K20576,34,9.1,10,36,0,Lancar
K20577,28,5.3,15,24,1,Macet
K20578,21,4.5,15,12,0,Lancar
K20579,20,5.4,10,24,0,Lancar
K20580,22,7.2,10,12,1,Macet
K20581,44,6.4,25,36,0,Lancar
K20582,48,8.8,20,24,1,Lancar
K20583,35,10.3,25,12,1,Lancar
K20584,21,4.6,15,12,1,Macet
K20585,34,5.2,25,36,2,Lancar
K20586,55,3.4,25,24,0,Lancar
K20587,28,12.1,10,36,1,Lancar
K20588,37,7.8,30,12,1,Lancar
K20589,38,8.2,10,36,0,Lancar
K20590,31,3.6,20,24,0,Lancar
K20591,35,7.0,25,24,0,Lancar
K20592,36,8.3,15,24,0,Lancar
K20593,36,6.4,20,12,0,Lancar
K20594,45,9.7,15,36,0,Lancar
K20595,40,12.8,10,36,1,Lancar
K20596,20,4.6,10,24,1,Macet
K20597,19,4.4,10,36,0,Macet
K20598,34,4.8,10,12,0,Macet
K20599,52,11.0,20,12,2,Lancar
K20600,20,9.6,15,12,2,Lancar
K20601,21,6.7,15,24,2,Macet
K20602,44,7.1,20,12,0,Lancar
K20603,35,5.0,10,24,0,Lancar
K20604,27,9.2,10,12,1,Lancar
K20605,26,6.1,25,36,0,Lancar
K20606,43,6.3,30,36,0,Lancar
K20607,38,8.5,15,24,1,Lancar
K20608,42,6.5,10,12,1,Macet
K20609,29,6.4,25,36,0,Lancar
K20610,38,7.0,25,12,0,Lancar
K20611,50,9.0,15,36,0,Lancar
K20612,30,11.1,10,24,0,Lancar
K20613,33,8.5,10,24,0,Lancar
K20614,25,9.0,20,12,0,Lancar
K20615,42,6.5,30,36,0,Lancar
K20616,20,5.2,20,36,1,Macet
K20617,28,8.6,15,24,0,Lancar
K20618,45,7.4,20,36,0,Lancar
K20619,19,3.4,25,36,4,Macet
K20620,55,6.2,15,12,1,Lancar
K20621,33,6.8,25,36,1,Lancar
K20622,33,5.7,15,24,0,Macet
K20623,38,10.7,15,24,3,Macet
K20624,42,8.2,20,12,0,Lancar
K20625,36,10.4,15,36,0,Lancar
K20626,51,7.7,30,36,0,Lancar
K20627,54,7.2,15,24,1,Lancar
K20628,26,4.7,15,24,1,Macet
K20629,45,7.0,15,24,2,Macet
K20630,30,7.0,15,36,0,Lancar
K20631,55,3.6,15,36,0,Lancar
K20632,28,5.7,20,24,0,Lancar
K20633,29,6.2,15,24,1,Macet
K20634,45,8.0,15,24,0,Lancar
K20635,48,8.2,20,24,3,Lancar
K20636,23,5.5,10,24,1,Macet
K20637,39,8.2,20,12,0,Lancar
K20638,31,6.5,15,12,2,Macet
K20639,41,2.5,15,24,0,Macet
K20640,39,5.8,20,36,0,Lancar
K20641,55,9.7,25,24,2,Lancar
K20642,53,2.8,25,12,0,Lancar
K20643,43,7.3,15,36,2,Macet
K20644,44,11.0,15,36,2,Lancar
K20645,52,5.1,20,24,1,Lancar
K20646,25,7.0,20,12,2,Lancar
K20647,45,3.7,20,24,1,Lancar
K20648,47,11.1,20,24,1,Lancar
K20649,23,6.8,25,24,0,Lancar
K20650,51,7.1,10,24,1,Lancar
K20651,44,10.4,20,12,3,Lancar
K20652,31,8.7,10,24,2,Macet
K20653,36,4.8,15,36,1,Macet
K20654,37,5.4,20,24,0,Lancar
K20655,52,8.2,15,12,1,Lancar
K20656,54,5.4,15,24,0,Lancar
K20657,48,2.5,25,36,0,Lancar
K20658,43,6.9,25,12,0,Lancar
K20659,22,3.3,15,24,0,Macet
K20660,52,11.0,30,24,1,Lancar
K20661,23,7.4,15,24,2,Macet
K20662,25,4.7,25,36,0,Lancar
K20663,21,5.3,10,36,3,Macet
K20664,54,2.5,10,24,3,Macet
K20665,37,4.3,15,12,1,Macet
K20666,27,9.5,10,24,2,Macet
K20667,21,12.6,15,12,0,Lancar
K20668,34,8.8,10,24,1,Macet
K20669,45,6.8,20,36,1,Lancar
K20670,55,5.9,10,36,1,Macet
K20671,39,4.6,10,24,1,Macet
K20672,41,12.1,30,24,1,Lancar
K20673,49,6.5,20,12,2,Macet
K20674,52,12.3,30,24,0,Lancar
K20675,29,10.5,15,12,1,Lancar
K20676,55,2.6,10,36,0,Macet
K20677,38,5.3,20,36,1,Macet
K20678,53,5.3,20,12,2,Macet
K20679,23,6.8,10,24,0,Macet
K20680,22,6.8,25,24,0,Lancar
K20681,51,14.5,20,36,0,Lancar
K20682,43,4.3,20,24,2,Macet
K20683,25,7.6,15,12,0,Lancar
K20684,52,8.5,20,24,1,Lancar
K20685,22,7.0,10,12,1,Macet
K20686,44,7.3,30,24,0,Lancar
K20687,26,4.4,15,12,2,Macet
K20688,21,7.3,10,24,1,Macet
K20689,48,8.3,10,36,0,Lancar
K20690,50,7.8,20,12,0,Lancar
K20691,22,8.4,30,24,2,Lancar
K20692,22,10.5,25,36,1,Lancar
K20693,41,9.3,20,12,0,Lancar
K20694,20,7.2,30,24,0,Lancar
K20695,46,4.1,20,24,0,Lancar
K20696,52,5.5,15,24,3,Macet
K20697,46,6.5,20,36,1,Lancar
K20698,27,7.6,10,24,0,Lancar
K20699,26,5.8,10,24,0,Lancar
K20700,44,4.7,15,12,2,Macet
K20701,21,4.0,10,12,0,Macet
K20702,38,2.9,30,12,1,Lancar
K20703,35,6.4,30,36,0,Lancar
K20704,46,3.3,15,36,1,Lancar
K20705,26,4.5,20,36,2,Macet
K20706,47,6.0,15,12,0,Lancar
K20707,44,3.7,10,24,1,Macet
K20708,27,7.9,15,36,0,Lancar
K20709,32,8.9,10,24,0,Lancar
K20710,21,5.6,15,12,0,Macet
K20711,35,5.9,10,36,1,Macet
K20712,28,8.3,10,12,0,Lancar
K20713,23,5.2,10,12,1,Macet
K20714,39,5.0,30,36,1,Lancar
K20715,39,10.0,10,24,1,Macet
K20716,22,9.2,15,24,1,Lancar
K20717,25,8.5,15,24,1,Lancar
K20718,22,9.3,15,36,2,Lancar
K20719,44,2.5,15,12,0,Lancar
K20720,31,10.4,10,36,0,Lancar
K20721,21,8.0,20,24,2,Macet
K20722,26,9.5,20,12,0,Lancar
K20723,55,8.0,20,24,1,Lancar
K20724,28,7.1,20,24,0,Lancar
K20725,44,6.3,15,12,0,Lancar
K20726,36,7.9,15,24,1,Lancar
K20727,25,6.2,10,24,1,Lancar
K20728,30,9.2,15,24,0,Lancar
K20729,19,3.0,10,36,1,Macet
K20730,46,5.6,15,36,0,Lancar
K20731,31,12.1,20,24,0,Lancar
K20732,37,5.4,10,24,2,Macet
K20733,24,6.4,10,24,0,Macet
K20734,49,4.8,20,24,1,Lancar
K20735,27,7.8,15,12,1,Macet
K20736,39,5.2,25,24,0,Lancar
K20737,51,6.5,30,12,1,Lancar
K20738,45,9.1,30,24,0,Lancar
K20739,41,5.3,15,36,1,Macet
K20740,51,9.0,10,24,1,Lancar
K20741,25,9.1,20,24,0,Lancar
K20742,54,9.6,20,24,1,Lancar
K20743,39,7.4,20,24,0,Lancar
K20744,34,15.1,15,24,2,Lancar
K20745,28,9.6,10,24,2,Macet
K20746,46,7.8,10,36,1,Lancar
K20747,55,4.8,10,12,0,Lancar
K20748,44,6.8,10,24,2,Macet
K20749,20,10.6,30,24,1,Lancar
K20750,36,11.3,10,36,0,Lancar
K20751,46,10.7,20,36,2,Lancar
K20752,33,9.0,30,36,2,Lancar
K20753,47,3.9,15,24,0,Macet
K20754,45,8.2,15,12,0,Lancar
K20755,21,3.9,20,24,0,Macet
K20756,39,3.3,15,36,2,Macet
K20757,25,7.6,15,36,1,Lancar
K20758,37,8.3,25,36,0,Lancar
K20759,33,9.3,20,12,1,Lancar
K20760,48,8.2,25,36,1,Lancar
K20761,51,8.3,30,36,0,Lancar
K20762,36,4.5,15,24,1,Macet
K20763,38,6.7,20,24,0,Lancar
K20764,42,3.2,20,24,1,Macet
K20765,43,2.5,20,24,3,Macet
K20766,42,8.9,20,24,1,Lancar
K20767,47,5.1,20,12,0,Lancar
K20768,55,9.2,25,36,2,Lancar
K20769,49,9.8,15,36,1,Lancar
K20770,23,5.5,20,36,0,Lancar
K20771,36,8.5,10,24,0,Lancar
K20772,36,5.3,20,12,1,Lancar
K20773,37,2.5,25,24,0,Lancar
K20774,38,7.3,25,36,2,Lancar
K20775,45,5.8,15,24,2,Macet
K20776,34,5.9,15,36,0,Lancar
K20777,28,11.9,15,24,1,Lancar
K20778,35,3.2,10,24,2,Macet
K20779,50,8.0,10,36,1,Macet
K20780,30,4.5,30,12,1,Lancar
K20781,19,9.3,15,36,1,Lancar
K20782,55,7.7,30,24,2,Lancar
K20783,26,7.9,10,12,0,Lancar
K20784,41,4.6,20,12,2,Macet
K20785,48,5.1,20,36,1,Lancar
K20786,29,9.3,20,24,0,Lancar
K20787,31,11.4,20,36,1,Lancar
K20788,29,8.2,20,36,0,Lancar
K20789,24,4.8,30,24,1,Lancar
K20790,24,7.8,20,36,2,Macet
K20791,25,13.1,10,36,0,Lancar
K20792,35,7.3,10,12,0,Lancar
K20793,38,10.7,20,36,2,Lancar
K20794,19,5.1,15,24,0,Lancar
K20795,50,6.9,15,24,0,Lancar
K20796,44,8.5,20,24,0,Lancar
K20797,21,8.0,15,36,1,Macet
K20798,50,5.1,25,12,1,Lancar
K20799,20,5.0,20,24,0,Lancar
K20800,39,9.5,20,24,1,Lancar
K20801,36,10.0,20,12,1,Lancar
K20802,37,10.8,25,36,1,Lancar
K20803,54,11.5,20,36,2,Lancar
K20804,53,7.3,30,12,1,Lancar
K20805,29,6.2,10,12,0,Lancar
K20806,40,10.4,20,36,1,Lancar
K20807,54,8.8,20,12,3,Macet
K20808,45,4.5,15,12,1,Macet
K20809,51,4.4,10,36,0,Macet
K20810,35,8.2,20,36,0,Lancar
K20811,29,6.6,15,24,3,Macet
K20812,37,6.9,30,24,0,Lancar
K20813,49,9.7,15,36,1,Lancar
K20814,53,8.9,10,24,1,Lancar
K20815,44,10.3,20,24,0,Lancar
K20816,45,2.5,15,36,3,Macet
K20817,37,7.6,10,24,0,Lancar
K20818,30,8.7,20,24,2,Macet
K20819,34,3.2,15,24,1,Macet
K20820,37,5.4,10,24,0,Macet
K20821,49,4.9,20,24,2,Macet
K20822,39,7.1,20,24,0,Lancar
K20823,48,11.1,25,24,2,Lancar
K20824,20,12.1,15,36,0,Lancar
K20825,47,5.0,10,24,3,Macet
K20826,37,8.3,30,12,3,Lancar
K20827,55,8.4,20,24,1,Lancar
K20828,36,8.0,10,12,1,Lancar
K20829,36,8.0,25,36,0,Lancar
K20830,23,7.8,10,24,0,Lancar
K20831,48,11.2,25,24,1,Lancar
K20832,44,9.8,20,36,1,Lancar
K20833,50,4.3,30,12,0,Lancar
K20834,22,9.0,30,12,0,Lancar
K20835,26,9.2,10,36,2,Macet
K20836,51,7.8,25,24,1,Lancar
K20837,20,9.8,15,36,3,Macet
K20838,37,7.5,20,36,1,Lancar
K20839,33,7.5,20,36,0,Lancar
K20840,53,7.3,10,12,0,Lancar
K20841,50,2.5,10,36,0,Macet
K20842,52,6.8,10,36,0,Lancar
K20843,29,5.3,10,12,1,Macet
K20844,40,4.0,10,36,2,Macet
K20845,44,10.6,30,24,1,Lancar
K20846,54,8.3,15,36,0,Lancar
K20847,19,6.9,25,24,0,Lancar
K20848,55,5.6,25,24,1,Lancar
K20849,32,7.7,20,12,3,Macet
K20850,23,9.5,15,36,2,Lancar
K20851,41,4.9,25,24,2,Macet
K20852,47,7.0,20,12,0,Lancar
K20853,23,9.2,20,12,0,Lancar
K20854,20,2.5,30,36,1,Lancar
K20855,52,6.9,20,12,1,Lancar
K20856,53,5.9,15,24,3,Macet
K20857,24,6.7,25,24,0,Lancar
K20858,52,5.7,15,24,1,Lancar
K20859,52,7.3,25,24,2,Lancar
K20860,55,11.8,10,12,1,Lancar
K20861,27,6.2,10,36,1,Macet
K20862,40,7.7,15,36,1,Lancar
K20863,55,12.0,10,24,1,Lancar
K20864,52,5.6,30,24,1,Lancar
K20865,41,11.5,10,24,0,Lancar
K20866,26,7.0,20,36,1,Lancar
K20867,22,11.5,10,24,0,Lancar
K20868,28,8.9,30,24,0,Lancar
K20869,21,7.8,15,36,0,Lancar
K20870,26,6.8,10,12,3,Macet
K20871,21,5.4,10,24,2,Macet
K20872,47,7.2,20,12,0,Lancar
K20873,40,9.2,30,24,2,Lancar
K20874,38,7.0,30,24,1,Lancar
K20875,48,6.2,15,36,0,Lancar
K20876,34,6.4,15,24,1,Lancar
K20877,33,9.5,10,12,2,Lancar
K20878,26,10.1,15,36,2,Lancar
K20879,35,5.3,20,36,1,Lancar
K20880,25,5.3,10,24,0,Macet
K20881,40,7.9,20,36,0,Lancar
K20882,55,10.8,25,24,0,Lancar
K20883,38,9.9,10,24,0,Lancar
K20884,30,3.9,10,12,1,Macet
K20885,44,6.3,10,12,1,Macet
K20886,49,4.7,10,36,1,Macet
K20887,36,6.3,10,36,2,Macet
K20888,28,11.0,20,12,1,Lancar
K20889,45,3.4,10,12,2,Macet
K20890,25,3.0,20,36,0,Lancar
K20891,55,4.9,25,12,0,Lancar
K20892,30,7.7,30,24,2,Lancar
K20893,31,8.6,20,12,0,Lancar
K20894,45,8.1,10,12,0,Lancar
K20895,19,9.9,10,24,1,Macet
K20896,26,2.6,10,36,0,Macet
K20897,23,10.0,30,24,1,Lancar
K20898,33,6.2,30,24,1,Lancar
K20899,39,8.8,15,36,1,Lancar
K20900,25,3.7,15,24,0,Macet
K20901,31,7.0,15,36,0,Lancar
K20902,47,7.6,10,24,3,Macet
K20903,53,9.9,30,24,0,Lancar
K20904,19,3.0,10,24,0,Macet
K20905,42,7.1,15,36,2,Macet
K20906,19,4.3,15,36,1,Macet
K20907,38,8.3,10,36,1,Lancar
K20908,51,8.9,15,12,0,Lancar
K20909,48,10.2,25,24,2,Lancar
K20910,27,5.7,10,36,0,Macet
K20911,28,9.3,20,24,1,Lancar
K20912,47,10.4,15,36,1,Lancar
K20913,49,2.9,10,24,0,Macet
K20914,29,8.5,10,12,0,Lancar
K20915,19,9.4,10,36,0,Lancar
K20916,35,6.4,10,12,1,Lancar
K20917,41,4.0,15,24,1,Macet
K20918,35,9.4,25,24,1,Lancar
K20919,53,4.0,20,36,0,Lancar
K20920,49,6.6,30,24,2,Lancar
K20921,48,6.9,15,24,0,Lancar
K20922,19,8.8,20,36,1,Macet
K20923,50,5.4,20,24,0,Lancar
K20924,46,5.3,10,36,0,Macet
K20925,33,7.2,15,36,0,Lancar
K20926,40,9.5,15,24,1,Lancar
K20927,49,12.7,25,36,1,Lancar
K20928,52,3.2,15,24,0,Lancar
K20929,39,7.8,10,12,1,Lancar
K20930,20,4.3,30,24,0,Lancar
K20931,41,9.5,10,24,1,Lancar
K20932,44,4.7,30,12,0,Lancar
K20933,21,5.3,25,24,0,Lancar
K20934,49,5.5,25,24,1,Lancar
K20935,26,6.8,25,24,2,Lancar
K20936,51,7.8,10,12,0,Lancar
K20937,39,8.2,20,36,1,Lancar
K20938,30,7.0,25,24,2,Lancar
K20939,21,3.7,20,12,1,Lancar
K20940,19,8.8,10,24,1,Lancar
K20941,46,6.9,10,24,1,Macet
K20942,32,9.9,15,24,1,Lancar
K20943,50,5.2,15,24,1,Macet
K20944,27,3.0,20,12,1,Macet
K20945,53,6.9,25,36,0,Lancar
K20946,53,10.2,25,24,1,Lancar
K20947,22,7.4,20,12,0,Lancar
K20948,42,6.5,10,36,1,Macet
K20949,53,4.8,15,24,0,Lancar
K20950,30,11.4,15,24,0,Lancar
K20951,21,4.4,10,24,2,Macet
K20952,51,5.2,10,24,0,Lancar
K20953,36,8.4,15,24,1,Macet
K20954,20,2.5,10,12,2,Macet
K20955,50,10.2,20,24,1,Lancar
K20956,44,8.6,10,36,1,Lancar
K20957,21,9.2,10,24,4,Macet
K20958,28,8.4,10,24,1,Lancar
K20959,19,6.6,20,12,0,Lancar
K20960,54,4.3,20,36,0,Lancar
K20961,19,6.6,15,24,0,Lancar
K20962,48,4.6,10,12,0,Macet
K20963,37,8.2,30,12,1,Lancar
K20964,40,9.0,20,36,2,Macet
K20965,49,10.7,20,24,1,Lancar
K20966,52,7.9,15,12,0,Lancar
K20967,23,9.3,25,12,0,Lancar
K20968,19,6.3,25,24,0,Lancar
K20969,23,5.8,15,24,0,Lancar
K20970,44,8.2,20,24,1,Lancar
K20971,40,6.0,10,12,0,Lancar
K20972,22,7.7,20,36,1,Lancar
K20973,27,4.3,15,36,3,Macet
K20974,38,4.8,10,24,1,Macet
K20975,46,8.6,30,12,2,Lancar
K20976,31,9.2,25,24,2,Lancar
K20977,54,4.5,10,24,1,Macet
K20978,55,8.7,30,12,1,Lancar
K20979,47,5.7,15,24,0,Lancar
K20980,35,7.0,15,36,0,Lancar
K20981,51,10.5,25,24,3,Lancar
K20982,45,9.0,15,36,0,Lancar
K20983,38,9.0,15,24,2,Lancar
K20984,35,11.8,20,24,0,Lancar
K20985,49,5.2,10,12,0,Macet
K20986,39,4.5,15,24,2,Macet
K20987,25,5.2,15,12,3,Macet
K20988,55,6.4,20,24,1,Lancar
K20989,21,2.5,10,24,3,Macet
K20990,44,6.5,10,24,0,Lancar
K20991,43,5.6,20,24,0,Lancar
K20992,40,9.0,10,12,1,Lancar
K20993,20,7.9,15,24,4,Macet
K20994,37,5.5,20,36,2,Macet
K20995,52,8.5,25,12,0,Lancar
K20996,27,8.8,10,24,2,Macet
K20997,44,5.1,25,24,0,Lancar
K20998,50,5.8,20,24,2,Lancar
K20999,54,2.5,15,24,0,Macet
K21000,38,4.3,25,12,2,Macet
K21001,30,5.1,20,24,0,Lancar
K21002,44,7.2,20,24,1,Lancar
K21003,36,4.6,20,24,1,Macet
K21004,42,5.7,20,36,1,Lancar
K21005,46,3.9,30,36,0,Lancar
K21006,45,7.4,20,12,0,Lancar
K21007,27,8.1,25,24,0,Lancar
K21008,46,8.0,20,12,0,Lancar
K21009,39,7.0,25,12,1,Lancar
K21010,53,3.1,30,24,0,Lancar
K21011,43,5.5,10,24,1,Macet
K21012,51,6.0,10,24,2,Macet
K21013,55,6.0,20,24,1,Lancar
K21014,55,7.2,15,24,2,Macet
K21015,46,10.6,20,36,1,Lancar
K21016,41,9.0,25,36,2,Lancar
K21017,23,4.5,30,12,3,Macet
K21018,33,8.7,15,24,2,Lancar
K21019,36,8.6,20,24,2,Macet
K21020,47,5.0,10,24,1,Macet
K21021,40,9.1,15,24,2,Macet
K21022,35,6.6,10,36,0,Lancar
K21023,24,3.5,15,12,0,Macet
K21024,45,8.1,15,24,1,Lancar
K21025,34,7.5,20,36,3,Macet
K21026,20,6.4,20,12,1,Lancar
K21027,29,6.9,15,12,1,Lancar
K21028,51,5.2,10,36,1,Macet
K21029,23,8.5,10,36,0,Lancar
K21030,34,6.9,30,24,3,Lancar
K21031,37,7.4,30,36,1,Lancar
K21032,22,7.9,15,24,3,Macet
K21033,25,4.1,10,12,1,Macet
K21034,53,4.8,15,24,2,Macet
K21035,40,2.5,20,36,0,Macet
K21036,26,8.4,15,36,0,Lancar
K21037,25,4.0,10,12,0,Macet
K21038,34,7.3,15,12,0,Lancar
K21039,45,7.9,10,36,0,Lancar
K21040,46,8.5,15,24,1,Lancar
K21041,26,4.0,10,12,0,Macet
K21042,45,6.8,20,36,1,Lancar
K21043,52,11.2,15,24,0,Lancar
K21044,27,11.3,10,24,1,Lancar
K21045,19,9.5,20,12,0,Lancar
K21046,54,7.8,15,12,1,Lancar
K21047,38,4.5,25,36,0,Lancar
K21048,47,8.8,30,24,0,Lancar
K21049,30,6.6,10,12,0,Lancar
K21050,30,8.4,25,24,1,Lancar
K21051,27,5.4,20,12,0,Lancar
K21052,27,6.6,20,12,0,Lancar
K21053,36,7.4,15,24,1,Lancar
K21054,22,7.6,15,24,1,Macet
K21055,50,8.2,10,12,1,Lancar
K21056,37,5.6,30,24,0,Lancar
K21057,52,3.6,20,24,1,Macet
K21058,37,11.1,15,24,2,Lancar
K21059,30,13.2,15,12,0,Lancar
K21060,38,8.1,10,12,1,Macet
K21061,24,3.7,10,12,2,Macet
K21062,49,5.1,20,24,2,Macet
K21063,45,8.3,15,36,0,Lancar
K21064,24,10.4,25,12,1,Lancar
K21065,40,4.0,20,36,0,Macet
K21066,38,6.7,20,36,1,Lancar
K21067,26,7.5,25,12,1,Lancar
K21068,23,9.2,10,12,0,Lancar
K21069,47,6.1,20,12,1,Lancar
K21070,28,3.1,20,12,1,Lancar
K21071,38,8.6,10,24,1,Lancar
K21072,28,9.8,10,12,1,Lancar
K21073,43,6.8,10,36,0,Lancar
K21074,20,8.0,10,24,0,Lancar
K21075,32,5.8,15,36,0,Lancar
K21076,39,4.9,10,36,1,Macet
K21077,35,9.6,20,24,0,Lancar
K21078,41,8.0,10,36,1,Macet
K21079,25,8.2,10,36,0,Lancar
K21080,35,10.8,15,24,0,Lancar
K21081,46,4.4,10,12,0,Macet
K21082,31,5.6,30,24,2,Lancar
K21083,24,7.4,15,12,1,Lancar
K21084,50,5.6,10,24,1,Macet
K21085,47,9.0,10,24,0,Lancar
K21086,44,6.5,15,24,0,Lancar
K21087,48,4.5,20,36,0,Lancar
K21088,47,7.2,25,24,1,Lancar
K21089,46,7.4,15,24,0,Lancar
K21090,37,9.3,20,24,0,Lancar
K21091,19,8.0,15,36,5,Macet
K21092,41,8.2,25,24,0,Lancar
K21093,29,7.8,20,12,0,Lancar
K21094,47,6.5,10,24,0,Lancar
K21095,36,5.2,20,12,1,Macet
K21096,52,7.7,25,36,0,Lancar
K21097,41,6.2,15,24,1,Macet
K21098,39,11.2,30,24,0,Lancar
K21099,53,10.4,25,24,0,Lancar
K21100,36,8.6,10,36,1,Lancar
K21101,32,7.9,25,36,0,Lancar
K21102,32,6.8,20,24,0,Lancar
K21103,51,3.8,15,36,1,Macet
K21104,46,6.5,15,24,0,Lancar
K21105,25,7.3,25,36,2,Lancar
K21106,37,7.6,20,36,0,Lancar
K21107,32,8.2,15,12,0,Lancar
K21108,42,9.3,10,12,1,Lancar
K21109,20,5.3,15,24,3,Macet
K21110,45,5.3,30,12,3,Lancar
K21111,46,10.6,20,24,3,Lancar
K21112,27,8.9,10,12,1,Macet
K21113,24,6.0,25,24,2,Lancar
K21114,42,6.7,25,12,0,Lancar
K21115,28,6.7,15,24,0,Lancar
K21116,53,7.1,10,24,2,Macet
K21117,47,8.2,20,24,0,Lancar
K21118,54,13.3,10,24,2,Lancar
K21119,38,7.5,15,36,0,Lancar
K21120,53,8.7,20,36,0,Lancar
K21121,19,2.8,30,24,0,Lancar
K21122,29,5.8,15,12,1,Macet
K21123,19,10.1,25,12,1,Lancar
K21124,44,8.0,30,36,0,Lancar
K21125,37,2.5,10,24,0,Macet
K21126,29,8.7,10,36,0,Lancar
K21127,30,11.8,20,24,0,Lancar
K21128,42,2.5,25,12,1,Lancar
K21129,25,10.8,15,24,1,Lancar
K21130,38,2.5,20,36,0,Lancar
K21131,41,9.3,20,36,0,Lancar
K21132,27,7.0,20,12,1,Lancar
K21133,27,2.5,20,24,1,Macet
K21134,32,8.1,10,12,2,Macet
K21135,40,9.9,10,36,0,Lancar
K21136,28,7.9,10,24,0,Lancar
K21137,33,8.5,30,36,0,Lancar
K21138,39,6.0,30,12,1,Lancar
K21139,25,2.5,25,24,1,Macet
K21140,40,8.7,10,24,0,Macet
K21141,24,11.4,20,24,1,Lancar
K21142,24,9.8,10,36,1,Lancar
K21143,27,2.5,15,36,0,Macet
K21144,29,3.2,10,36,0,Macet
K21145,20,4.9,25,24,2,Macet
K21146,54,3.0,10,36,0,Macet
K21147,30,7.1,20,24,1,Lancar
K21148,48,8.0,30,24,2,Lancar
K21149,52,3.4,20,24,0,Lancar
K21150,48,8.9,10,24,2,Macet
K21151,49,8.5,30,12,1,Lancar
K21152,22,5.6,20,24,1,Lancar
K21153,32,6.6,15,12,1,Lancar
K21154,46,2.5,20,24,0,Macet
K21155,40,6.2,25,12,1,Lancar
K21156,19,7.0,15,12,1,Macet
K21157,39,7.4,15,36,1,Macet
K21158,48,7.9,15,24,0,Lancar
K21159,49,7.6,10,12,1,Lancar
K21160,33,6.3,25,36,0,Lancar
K21161,27,7.7,10,36,0,Lancar
K21162,30,9.5,15,36,1,Lancar
K21163,29,6.8,15,36,2,Macet
K21164,31,7.8,10,36,0,Lancar
K21165,30,6.5,15,24,0,Lancar
K21166,35,5.4,20,36,0,Lancar
K21167,20,8.3,15,36,1,Lancar
K21168,29,5.6,10,24,0,Macet
K21169,30,8.0,25,36,0,Lancar
K21170,24,7.1,30,36,0,Lancar
K21171,51,6.2,15,36,0,Lancar
K21172,43,6.2,15,36,1,Lancar
K21173,52,5.7,10,24,0,Macet
K21174,39,2.9,10,24,0,Macet
K21175,23,8.0,15,24,0,Lancar
K21176,52,7.6,30,36,0,Lancar
K21177,35,9.1,20,36,0,Lancar
K21178,44,5.7,15,36,0,Lancar
K21179,33,11.7,30,36,0,Lancar
K21180,37,6.1,15,36,1,Lancar
K21181,37,4.8,10,12,0,Lancar
K21182,29,4.5,15,36,1,Macet
K21183,39,2.7,10,12,2,Macet
K21184,46,10.8,25,24,0,Lancar
K21185,19,10.4,15,12,1,Lancar
K21186,23,8.5,20,24,0,Lancar
K21187,50,4.8,15,24,1,Lancar
K21188,40,11.5,30,12,3,Lancar
K21189,55,6.1,20,24,1,Lancar
K21190,41,6.3,15,36,4,Macet
K21191,43,10.6,10,12,0,Lancar
K21192,52,8.6,30,24,1,Lancar
K21193,43,12.5,15,12,0,Lancar
K21194,31,7.6,10,12,0,Lancar
K21195,38,6.0,25,12,1,Lancar
K21196,27,5.5,10,24,0,Lancar
K21197,31,2.5,15,36,0,Macet
K21198,44,6.3,15,24,0,Lancar
K21199,24,9.9,15,36,0,Lancar
K21200,43,8.5,15,24,0,Lancar
K21201,40,7.1,10,36,1,Lancar
K21202,30,4.5,10,36,0,Macet
K21203,20,7.6,10,24,0,Lancar
K21204,45,9.5,10,12,1,Macet
K21205,49,8.1,30,12,0,Lancar
K21206,46,7.4,20,24,0,Lancar
K21207,34,5.0,15,24,1,Macet
K21208,43,9.2,15,12,4,Macet
K21209,34,2.5,20,36,0,Macet
K21210,32,8.0,10,36,0,Lancar
K21211,31,13.4,10,24,0,Lancar
K21212,26,3.2,20,12,0,Macet
K21213,54,6.4,15,12,1,Lancar
K21214,43,7.0,25,24,0,Lancar
K21215,25,5.8,25,36,1,Lancar
K21216,51,9.6,25,24,0,Lancar
K21217,24,8.2,10,12,0,Lancar
K21218,40,7.4,10,24,1,Macet
K21219,25,9.0,10,12,1,Lancar
K21220,32,7.0,25,24,0,Lancar
K21221,43,14.9,30,24,1,Lancar
K21222,55,7.4,30,24,0,Lancar
K21223,55,7.5,10,24,0,Lancar
K21224,52,2.7,25,36,0,Lancar
K21225,27,5.6,15,12,1,Macet
K21226,22,9.9,25,36,2,Lancar
K21227,52,3.7,15,12,0,Lancar
K21228,53,2.5,10,24,1,Macet
K21229,29,7.1,10,36,1,Lancar
K21230,19,10.4,30,24,2,Lancar
K21231,42,7.1,15,12,2,Macet
K21232,21,6.2,15,24,0,Macet
K21233,20,2.5,15,36,0,Macet
K21234,53,8.1,15,36,0,Lancar
K21235,37,8.7,30,24,1,Lancar
K21236,23,2.5,10,12,0,Macet
K21237,43,9.8,10,24,1,Lancar
K21238,32,8.9,25,12,1,Lancar
K21239,38,9.8,15,12,1,Lancar
K21240,52,8.5,10,24,1,Lancar
K21241,27,8.6,10,36,0,Lancar
K21242,42,8.3,10,12,0,Lancar
K21243,49,9.2,10,36,0,Lancar
K21244,34,2.5,10,36,1,Macet
K21245,54,3.2,10,36,0,Macet
K21246,35,5.2,20,12,0,Lancar
K21247,35,6.7,25,24,1,Lancar
K21248,51,8.0,25,12,0,Lancar
K21249,42,7.8,15,12,3,Macet
K21250,51,9.8,15,24,0,Lancar
K21251,48,9.9,30,24,2,Lancar
K21252,45,4.8,25,12,0,Lancar
K21253,27,7.6,15,12,0,Lancar
K21254,33,4.9,10,36,1,Macet
K21255,50,6.5,15,36,1,Lancar
K21256,41,7.8,15,24,1,Lancar
K21257,29,2.5,15,36,0,Macet
K21258,31,13.0,10,12,0,Lancar
K21259,47,8.4,30,24,2,Lancar
K21260,25,5.5,20,36,2,Macet
K21261,23,11.8,20,24,3,Lancar
K21262,47,6.1,10,12,1,Lancar
K21263,29,7.3,25,24,0,Lancar
K21264,47,5.8,20,24,2,Lancar
K21265,38,11.1,10,24,0,Lancar
K21266,55,6.7,20,24,1,Lancar
K21267,38,7.4,20,24,0,Lancar
K21268,51,10.0,25,24,2,Lancar
K21269,50,8.5,10,24,1,Lancar
K21270,26,6.9,25,12,0,Lancar
K21271,55,9.8,15,36,2,Lancar
K21272,46,13.3,10,36,0,Lancar
K21273,22,7.8,10,24,0,Lancar
K21274,19,7.3,10,36,0,Lancar
K21275,29,7.4,10,12,0,Lancar
K21276,19,10.3,15,24,0,Lancar
K21277,32,5.5,20,24,1,Lancar
K21278,55,6.3,10,24,1,Macet
K21279,36,3.2,30,36,2,Macet
K21280,19,4.0,10,36,0,Macet
K21281,37,5.7,20,24,1,Macet
K21282,27,6.9,30,24,0,Lancar
K21283,50,11.4,25,24,0,Lancar
K21284,22,8.3,20,24,1,Lancar
K21285,47,4.7,20,12,1,Macet
K21286,35,5.2,10,36,1,Macet
K21287,19,10.4,10,36,2,Macet
K21288,43,9.8,15,36,0,Lancar
K21289,35,7.1,10,12,2,Macet
K21290,47,5.9,15,12,0,Lancar
K21291,41,9.8,10,24,0,Lancar
K21292,48,4.5,30,36,0,Lancar
K21293,36,8.0,25,12,0,Lancar
K21294,19,12.7,25,12,0,Lancar
K21295,23,7.5,20,12,0,Lancar
K21296,35,5.1,10,36,3,Macet
K21297,33,8.0,10,36,1,Lancar
K21298,48,5.8,20,24,1,Macet
K21299,34,3.5,20,12,2,Macet
K21300,50,8.8,15,36,0,Lancar
K21301,25,9.8,15,24,1,Lancar
K21302,33,6.2,15,12,0,Lancar
K21303,46,6.1,10,24,0,Macet
K21304,23,4.6,15,24,0,Macet
K21305,30,6.6,15,24,1,Macet
K21306,46,5.6,20,36,0,Lancar
K21307,40,4.5,30,24,2,Lancar
K21308,47,11.7,15,24,1,Lancar
K21309,38,8.2,20,24,1,Lancar
K21310,50,8.4,25,24,1,Lancar
K21311,51,9.2,10,12,1,Lancar
K21312,55,8.9,20,24,1,Lancar
K21313,23,6.0,15,12,0,Macet
K21314,40,7.7,20,24,2,Lancar
K21315,23,6.3,10,36,0,Macet
K21316,27,8.1,30,24,0,Lancar
K21317,30,7.9,30,24,1,Lancar
K21318,42,6.0,10,12,0,Lancar
K21319,34,3.7,10,24,1,Macet
K21320,50,7.4,10,24,0,Lancar
K21321,30,6.5,25,36,1,Lancar
K21322,41,2.5,20,24,2,Macet
K21323,47,8.3,10,36,2,Macet
K21324,55,9.4,25,24,1,Lancar
K21325,28,13.3,15,36,0,Lancar
K21326,46,6.0,15,12,1,Lancar
K21327,22,5.7,15,24,0,Lancar
K21328,39,4.2,15,12,1,Macet
K21329,34,7.5,15,12,3,Macet
K21330,54,7.5,10,36,0,Lancar
K21331,47,5.0,15,36,1,Macet
K21332,53,6.6,30,24,1,Lancar
K21333,50,2.5,15,24,0,Macet
K21334,34,9.3,30,24,0,Lancar
K21335,46,5.1,20,24,1,Lancar
K21336,20,6.9,25,36,2,Macet
K21337,39,3.4,10,24,1,Macet
K21338,20,5.5,25,36,0,Lancar
K21339,45,6.3,10,24,2,Macet
K21340,54,7.0,10,36,2,Macet
K21341,44,8.2,10,12,0,Lancar
K21342,50,10.6,10,24,0,Lancar
K21343,27,8.8,30,36,0,Lancar
K21344,55,9.4,30,12,1,Lancar
K21345,39,10.6,25,12,0,Lancar
K21346,43,8.4,10,24,3,Macet
K21347,47,6.9,25,24,2,Lancar
K21348,42,9.5,20,36,0,Lancar
K21349,30,9.7,15,36,0,Lancar
K21350,41,8.6,15,24,1,Lancar
K21351,43,3.4,20,36,1,Lancar
K21352,50,4.9,10,24,0,Lancar
K21353,36,6.3,15,36,0,Lancar
K21354,37,8.9,20,12,3,Lancar
K21355,37,6.9,10,24,0,Macet
K21356,23,9.8,15,12,0,Lancar
K21357,22,10.3,15,12,0,Lancar
K21358,19,10.0,20,36,0,Lancar
K21359,43,10.0,30,12,2,Lancar
K21360,34,4.4,25,24,0,Lancar
K21361,51,8.2,20,24,0,Lancar
K21362,44,5.5,20,12,1,Lancar
K21363,24,2.9,20,24,0,Lancar
K21364,22,6.3,15,24,1,Macet
K21365,32,10.3,10,36,0,Lancar
K21366,53,8.2,20,24,1,Lancar
K21367,20,12.0,20,36,0,Lancar
K21368,25,7.4,15,36,1,Macet
K21369,20,13.1,25,24,0,Lancar
K21370,34,7.4,20,24,0,Lancar
K21371,55,7.1,15,36,0,Lancar
K21372,44,3.8,10,36,1,Macet
K21373,37,9.8,10,24,2,Macet
K21374,24,5.7,15,36,0,Lancar
K21375,32,5.4,15,36,0,Lancar
K21376,38,10.2,10,24,0,Lancar
K21377,29,9.9,10,36,0,Lancar
K21378,45,9.8,10,24,1,Lancar
K21379,55,6.1,25,36,1,Lancar
K21380,26,6.9,25,36,1,Lancar
K21381,28,6.9,15,12,0,Lancar
K21382,23,9.0,10,12,1,Lancar
K21383,45,10.9,10,24,2,Lancar
K21384,36,7.9,10,36,0,Lancar
K21385,29,11.9,15,24,0,Lancar
K21386,27,9.2,10,36,1,Lancar
K21387,21,6.4,15,24,4,Macet
K21388,36,9.1,30,24,0,Lancar
K21389,44,11.3,15,36,0,Lancar
K21390,27,12.0,25,24,1,Lancar
K21391,19,10.0,10,24,0,Lancar
K21392,36,7.1,10,12,1,Lancar
K21393,44,6.5,30,12,0,Lancar
K21394,31,8.4,15,12,1,Lancar
K21395,28,11.2,20,24,1,Lancar
K21396,24,8.1,30,24,1,Lancar
K21397,46,8.1,20,24,1,Lancar
K21398,50,7.1,15,12,1,Lancar
K21399,47,6.2,15,24,2,Macet
K21400,38,6.6,10,24,0,Lancar
K21401,45,7.3,10,36,0,Lancar
K21402,33,11.3,10,24,2,Lancar
K21403,19,6.4,25,12,1,Lancar
K21404,32,7.1,20,24,1,Lancar
K21405,45,4.8,10,36,1,Lancar
K21406,42,8.8,10,36,1,Lancar
K21407,55,10.4,20,36,0,Lancar
K21408,55,11.1,30,36,0,Lancar
K21409,27,7.5,10,24,2,Macet
K21410,19,8.4,15,36,0,Lancar
K21411,29,6.6,25,12,1,Lancar
K21412,51,8.3,25,36,3,Lancar
K21413,49,7.8,30,36,0,Lancar
K21414,22,7.1,10,36,1,Macet
K21415,24,7.3,10,24,0,Lancar
K21416,39,8.1,15,36,1,Lancar
K21417,43,6.3,10,12,0,Lancar
K21418,55,6.4,25,24,0,Lancar
K21419,46,11.3,10,24,2,Lancar
K21420,26,13.8,20,24,2,Lancar
K21421,20,4.0,30,24,1,Lancar
K21422,42,3.9,30,24,1,Lancar
K21423,39,4.6,20,12,0,Lancar
K21424,53,6.7,30,24,1,Lancar
K21425,40,9.2,10,24,1,Macet
K21426,37,8.5,15,24,1,Lancar
K21427,30,7.4,10,36,0,Macet
K21428,22,8.3,30,12,0,Lancar
K21429,51,5.3,30,36,2,Lancar
K21430,49,6.4,10,24,1,Macet
K21431,25,6.9,10,12,1,Macet
K21432,45,3.0,15,24,1,Macet
K21433,32,4.1,10,24,0,Macet
K21434,35,4.2,25,24,0,Lancar
K21435,50,8.9,10,12,0,Lancar
K21436,50,7.6,25,12,1,Lancar
K21437,26,8.5,20,12,1,Lancar
K21438,30,2.5,15,12,1,Macet
K21439,49,3.3,10,24,1,Macet
K21440,52,8.7,30,36,4,Macet
K21441,21,2.5,20,24,1,Macet
K21442,49,10.1,15,24,0,Lancar
K21443,37,2.5,15,24,1,Macet
K21444,40,9.1,30,24,0,Lancar
K21445,21,4.8,25,12,1,Lancar
K21446,44,9.6,25,12,0,Lancar
K21447,44,15.0,20,12,0,Lancar
K21448,43,2.5,25,24,2,Macet
K21449,48,8.7,10,24,1,Lancar
K21450,54,2.5,20,24,1,Macet
K21451,50,8.1,15,24,1,Lancar
K21452,46,6.5,20,36,0,Lancar
K21453,55,7.3,30,24,1,Lancar
K21454,43,4.7,30,24,1,Lancar
K21455,43,9.0,15,24,0,Lancar
K21456,39,3.4,20,36,1,Macet
K21457,47,10.1,25,36,1,Lancar
K21458,21,6.0,30,36,0,Lancar
K21459,37,3.5,25,12,0,Lancar
K21460,34,11.0,10,24,0,Lancar
K21461,52,6.8,15,36,1,Lancar
K21462,21,11.8,25,24,1,Lancar
K21463,42,10.1,25,36,0,Lancar
K21464,25,5.0,20,24,0,Lancar
K21465,51,6.8,20,24,0,Lancar
K21466,50,7.3,15,24,0,Lancar
K21467,27,10.8,15,24,1,Lancar
K21468,51,8.1,25,36,1,Lancar
K21469,37,7.4,10,12,1,Lancar
K21470,54,6.5,20,24,0,Lancar
K21471,46,6.9,20,24,1,Macet
K21472,20,10.3,25,36,1,Lancar
K21473,26,7.0,15,24,1,Macet
K21474,33,6.0,20,36,1,Lancar
K21475,26,5.6,10,36,2,Macet
K21476,23,5.6,10,24,0,Lancar
K21477,55,3.5,15,36,0,Lancar
K21478,51,5.1,10,36,0,Macet
K21479,35,10.7,30,24,1,Lancar
K21480,26,6.5,30,24,2,Lancar
K21481,25,8.8,10,24,1,Macet
K21482,52,2.5,25,24,1,Lancar
K21483,31,8.4,15,12,2,Macet
K21484,19,6.6,20,36,3,Macet
K21485,33,5.8,25,24,1,Lancar
K21486,35,7.5,20,24,0,Lancar
K21487,42,5.8,10,12,1,Macet
K21488,31,2.5,10,24,0,Macet
K21489,53,9.3,15,24,2,Lancar
K21490,42,7.6,30,24,0,Lancar
K21491,55,6.2,20,24,1,Lancar
K21492,32,4.6,15,12,0,Lancar
K21493,43,3.3,10,24,0,Macet
K21494,32,7.6,30,36,0,Lancar
K21495,44,11.0,15,12,0,Lancar
K21496,46,7.5,20,24,1,Lancar
K21497,30,3.5,20,12,0,Lancar
K21498,53,7.6,10,36,2,Macet
K21499,50,6.9,10,12,1,Macet
